report_id,correct_activity_id,label_type,verification_source
RPT-0001,CIV-001,MATCHED,Synthetic Generator
RPT-0002,CIV-001,MATCHED,Synthetic Generator
RPT-0003,CIV-001,MATCHED,Synthetic Generator
RPT-0004,CIV-001,MATCHED,Synthetic Generator
RPT-0005,CIV-001,MATCHED,Synthetic Generator
RPT-0006,CIV-001,AMBIGUOUS,Synthetic Generator
RPT-0007,CIV-002,MATCHED,Synthetic Generator
RPT-0008,CIV-002,MATCHED,Synthetic Generator
RPT-0009,CIV-002,MATCHED,Synthetic Generator
RPT-0010,CIV-002,MATCHED,Synthetic Generator
RPT-0011,CIV-002,MATCHED,Synthetic Generator
RPT-0012,CIV-002,AMBIGUOUS,Synthetic Generator
RPT-0013,CIV-003,MATCHED,Synthetic Generator
RPT-0014,CIV-003,MATCHED,Synthetic Generator
RPT-0015,CIV-003,MATCHED,Synthetic Generator
RPT-0016,CIV-003,MATCHED,Synthetic Generator
RPT-0017,CIV-003,MATCHED,Synthetic Generator
RPT-0018,CIV-003,AMBIGUOUS,Synthetic Generator
RPT-0019,MEC-004,MATCHED,Synthetic Generator
RPT-0020,MEC-004,MATCHED,Synthetic Generator
RPT-0021,MEC-004,MATCHED,Synthetic Generator
RPT-0022,MEC-004,MATCHED,Synthetic Generator
RPT-0023,MEC-004,MATCHED,Synthetic Generator
RPT-0024,MEC-004,AMBIGUOUS,Synthetic Generator
RPT-0025,MEC-005,MATCHED,Synthetic Generator
RPT-0026,MEC-005,MATCHED,Synthetic Generator
RPT-0027,MEC-005,MATCHED,Synthetic Generator
RPT-0028,MEC-005,MATCHED,Synthetic Generator
RPT-0029,MEC-005,MATCHED,Synthetic Generator
RPT-0030,MEC-005,AMBIGUOUS,Synthetic Generator
RPT-0031,MEC-006,MATCHED,Synthetic Generator
RPT-0032,MEC-006,MATCHED,Synthetic Generator
RPT-0033,MEC-006,MATCHED,Synthetic Generator
RPT-0034,MEC-006,MATCHED,Synthetic Generator
RPT-0035,MEC-006,MATCHED,Synthetic Generator
RPT-0036,MEC-006,AMBIGUOUS,Synthetic Generator
RPT-0037,ELE-007,MATCHED,Synthetic Generator
RPT-0038,ELE-007,MATCHED,Synthetic Generator
RPT-0039,ELE-007,MATCHED,Synthetic Generator
RPT-0040,ELE-007,MATCHED,Synthetic Generator
RPT-0041,ELE-007,MATCHED,Synthetic Generator
RPT-0042,ELE-007,AMBIGUOUS,Synthetic Generator
RPT-0043,CIV-008,MATCHED,Synthetic Generator
RPT-0044,CIV-008,MATCHED,Synthetic Generator
RPT-0045,CIV-008,MATCHED,Synthetic Generator
RPT-0046,CIV-008,MATCHED,Synthetic Generator
RPT-0047,CIV-008,MATCHED,Synthetic Generator
RPT-0048,CIV-008,AMBIGUOUS,Synthetic Generator
RPT-0049,CIV-009,MATCHED,Synthetic Generator
RPT-0050,CIV-009,MATCHED,Synthetic Generator
RPT-0051,CIV-009,MATCHED,Synthetic Generator
RPT-0052,CIV-009,MATCHED,Synthetic Generator
RPT-0053,CIV-009,MATCHED,Synthetic Generator
RPT-0054,CIV-009,AMBIGUOUS,Synthetic Generator
RPT-0055,CIV-010,MATCHED,Synthetic Generator
RPT-0056,CIV-010,MATCHED,Synthetic Generator
RPT-0057,CIV-010,MATCHED,Synthetic Generator
RPT-0058,CIV-010,MATCHED,Synthetic Generator
RPT-0059,CIV-010,MATCHED,Synthetic Generator
RPT-0060,CIV-010,AMBIGUOUS,Synthetic Generator
RPT-0061,MEC-011,MATCHED,Synthetic Generator
RPT-0062,MEC-011,MATCHED,Synthetic Generator
RPT-0063,MEC-011,MATCHED,Synthetic Generator
RPT-0064,MEC-011,MATCHED,Synthetic Generator
RPT-0065,MEC-011,MATCHED,Synthetic Generator
RPT-0066,MEC-011,AMBIGUOUS,Synthetic Generator
RPT-0067,MEC-012,MATCHED,Synthetic Generator
RPT-0068,MEC-012,MATCHED,Synthetic Generator
RPT-0069,MEC-012,MATCHED,Synthetic Generator
RPT-0070,MEC-012,MATCHED,Synthetic Generator
RPT-0071,MEC-012,MATCHED,Synthetic Generator
RPT-0072,MEC-012,AMBIGUOUS,Synthetic Generator
RPT-0073,MEC-013,MATCHED,Synthetic Generator
RPT-0074,MEC-013,MATCHED,Synthetic Generator
RPT-0075,MEC-013,MATCHED,Synthetic Generator
RPT-0076,MEC-013,MATCHED,Synthetic Generator
RPT-0077,MEC-013,MATCHED,Synthetic Generator
RPT-0078,MEC-013,AMBIGUOUS,Synthetic Generator
RPT-0079,ELE-014,MATCHED,Synthetic Generator
RPT-0080,ELE-014,MATCHED,Synthetic Generator
RPT-0081,ELE-014,MATCHED,Synthetic Generator
RPT-0082,ELE-014,MATCHED,Synthetic Generator
RPT-0083,ELE-014,MATCHED,Synthetic Generator
RPT-0084,ELE-014,AMBIGUOUS,Synthetic Generator
RPT-0085,PIP-015,MATCHED,Synthetic Generator
RPT-0086,PIP-015,MATCHED,Synthetic Generator
RPT-0087,PIP-015,MATCHED,Synthetic Generator
RPT-0088,PIP-015,MATCHED,Synthetic Generator
RPT-0089,PIP-015,MATCHED,Synthetic Generator
RPT-0090,PIP-015,AMBIGUOUS,Synthetic Generator
RPT-0091,PIP-016,MATCHED,Synthetic Generator
RPT-0092,PIP-016,MATCHED,Synthetic Generator
RPT-0093,PIP-016,MATCHED,Synthetic Generator
RPT-0094,PIP-016,MATCHED,Synthetic Generator
RPT-0095,PIP-016,MATCHED,Synthetic Generator
RPT-0096,PIP-016,AMBIGUOUS,Synthetic Generator
RPT-0097,PIP-017,MATCHED,Synthetic Generator
RPT-0098,PIP-017,MATCHED,Synthetic Generator
RPT-0099,PIP-017,MATCHED,Synthetic Generator
RPT-0100,PIP-017,MATCHED,Synthetic Generator
RPT-0101,PIP-017,MATCHED,Synthetic Generator
RPT-0102,PIP-017,AMBIGUOUS,Synthetic Generator
RPT-0103,PIP-018,MATCHED,Synthetic Generator
RPT-0104,PIP-018,MATCHED,Synthetic Generator
RPT-0105,PIP-018,MATCHED,Synthetic Generator
RPT-0106,PIP-018,MATCHED,Synthetic Generator
RPT-0107,PIP-018,MATCHED,Synthetic Generator
RPT-0108,PIP-018,AMBIGUOUS,Synthetic Generator
RPT-0109,PIP-019,MATCHED,Synthetic Generator
RPT-0110,PIP-019,MATCHED,Synthetic Generator
RPT-0111,PIP-019,MATCHED,Synthetic Generator
RPT-0112,PIP-019,MATCHED,Synthetic Generator
RPT-0113,PIP-019,MATCHED,Synthetic Generator
RPT-0114,PIP-019,AMBIGUOUS,Synthetic Generator
RPT-0115,PIP-020,MATCHED,Synthetic Generator
RPT-0116,PIP-020,MATCHED,Synthetic Generator
RPT-0117,PIP-020,MATCHED,Synthetic Generator
RPT-0118,PIP-020,MATCHED,Synthetic Generator
RPT-0119,PIP-020,MATCHED,Synthetic Generator
RPT-0120,PIP-020,AMBIGUOUS,Synthetic Generator
RPT-0121,PIP-021,MATCHED,Synthetic Generator
RPT-0122,PIP-021,MATCHED,Synthetic Generator
RPT-0123,PIP-021,MATCHED,Synthetic Generator
RPT-0124,PIP-021,MATCHED,Synthetic Generator
RPT-0125,PIP-021,MATCHED,Synthetic Generator
RPT-0126,PIP-021,AMBIGUOUS,Synthetic Generator
RPT-0127,PIP-022,MATCHED,Synthetic Generator
RPT-0128,PIP-022,MATCHED,Synthetic Generator
RPT-0129,PIP-022,MATCHED,Synthetic Generator
RPT-0130,PIP-022,MATCHED,Synthetic Generator
RPT-0131,PIP-022,MATCHED,Synthetic Generator
RPT-0132,PIP-022,AMBIGUOUS,Synthetic Generator
RPT-0133,PIP-023,MATCHED,Synthetic Generator
RPT-0134,PIP-023,MATCHED,Synthetic Generator
RPT-0135,PIP-023,MATCHED,Synthetic Generator
RPT-0136,PIP-023,MATCHED,Synthetic Generator
RPT-0137,PIP-023,MATCHED,Synthetic Generator
RPT-0138,PIP-023,AMBIGUOUS,Synthetic Generator
RPT-0139,PIP-024,MATCHED,Synthetic Generator
RPT-0140,PIP-024,MATCHED,Synthetic Generator
RPT-0141,PIP-024,MATCHED,Synthetic Generator
RPT-0142,PIP-024,MATCHED,Synthetic Generator
RPT-0143,PIP-024,MATCHED,Synthetic Generator
RPT-0144,PIP-024,AMBIGUOUS,Synthetic Generator
RPT-0145,ELE-025,MATCHED,Synthetic Generator
RPT-0146,ELE-025,MATCHED,Synthetic Generator
RPT-0147,ELE-025,MATCHED,Synthetic Generator
RPT-0148,ELE-025,MATCHED,Synthetic Generator
RPT-0149,ELE-025,MATCHED,Synthetic Generator
RPT-0150,ELE-025,AMBIGUOUS,Synthetic Generator
RPT-0151,ELE-026,MATCHED,Synthetic Generator
RPT-0152,ELE-026,MATCHED,Synthetic Generator
RPT-0153,ELE-026,MATCHED,Synthetic Generator
RPT-0154,ELE-026,MATCHED,Synthetic Generator
RPT-0155,ELE-026,MATCHED,Synthetic Generator
RPT-0156,ELE-026,AMBIGUOUS,Synthetic Generator
RPT-0157,ELE-027,MATCHED,Synthetic Generator
RPT-0158,ELE-027,MATCHED,Synthetic Generator
RPT-0159,ELE-027,MATCHED,Synthetic Generator
RPT-0160,ELE-027,MATCHED,Synthetic Generator
RPT-0161,ELE-027,MATCHED,Synthetic Generator
RPT-0162,ELE-027,AMBIGUOUS,Synthetic Generator
RPT-0163,INS-028,MATCHED,Synthetic Generator
RPT-0164,INS-028,MATCHED,Synthetic Generator
RPT-0165,INS-028,MATCHED,Synthetic Generator
RPT-0166,INS-028,MATCHED,Synthetic Generator
RPT-0167,INS-028,MATCHED,Synthetic Generator
RPT-0168,INS-028,AMBIGUOUS,Synthetic Generator
RPT-0169,INS-029,MATCHED,Synthetic Generator
RPT-0170,INS-029,MATCHED,Synthetic Generator
RPT-0171,INS-029,MATCHED,Synthetic Generator
RPT-0172,INS-029,MATCHED,Synthetic Generator
RPT-0173,INS-029,MATCHED,Synthetic Generator
RPT-0174,INS-029,AMBIGUOUS,Synthetic Generator
RPT-0175,INS-030,MATCHED,Synthetic Generator
RPT-0176,INS-030,MATCHED,Synthetic Generator
RPT-0177,INS-030,MATCHED,Synthetic Generator
RPT-0178,INS-030,MATCHED,Synthetic Generator
RPT-0179,INS-030,MATCHED,Synthetic Generator
RPT-0180,INS-030,AMBIGUOUS,Synthetic Generator
RPT-0181,INS-031,MATCHED,Synthetic Generator
RPT-0182,INS-031,MATCHED,Synthetic Generator
RPT-0183,INS-031,MATCHED,Synthetic Generator
RPT-0184,INS-031,MATCHED,Synthetic Generator
RPT-0185,INS-031,MATCHED,Synthetic Generator
RPT-0186,INS-031,AMBIGUOUS,Synthetic Generator
RPT-0187,INS-032,MATCHED,Synthetic Generator
RPT-0188,INS-032,MATCHED,Synthetic Generator
RPT-0189,INS-032,MATCHED,Synthetic Generator
RPT-0190,INS-032,MATCHED,Synthetic Generator
RPT-0191,INS-032,MATCHED,Synthetic Generator
RPT-0192,INS-032,AMBIGUOUS,Synthetic Generator
RPT-0193,INS-033,MATCHED,Synthetic Generator
RPT-0194,INS-033,MATCHED,Synthetic Generator
RPT-0195,INS-033,MATCHED,Synthetic Generator
RPT-0196,INS-033,MATCHED,Synthetic Generator
RPT-0197,INS-033,MATCHED,Synthetic Generator
RPT-0198,INS-033,AMBIGUOUS,Synthetic Generator
RPT-0199,CIV-034,MATCHED,Synthetic Generator
RPT-0200,CIV-034,MATCHED,Synthetic Generator
RPT-0201,CIV-034,MATCHED,Synthetic Generator
RPT-0202,CIV-034,MATCHED,Synthetic Generator
RPT-0203,CIV-034,MATCHED,Synthetic Generator
RPT-0204,CIV-034,AMBIGUOUS,Synthetic Generator
RPT-0205,CIV-035,MATCHED,Synthetic Generator
RPT-0206,CIV-035,MATCHED,Synthetic Generator
RPT-0207,CIV-035,MATCHED,Synthetic Generator
RPT-0208,CIV-035,MATCHED,Synthetic Generator
RPT-0209,CIV-035,MATCHED,Synthetic Generator
RPT-0210,CIV-035,AMBIGUOUS,Synthetic Generator
RPT-0211,CIV-036,MATCHED,Synthetic Generator
RPT-0212,CIV-036,MATCHED,Synthetic Generator
RPT-0213,CIV-036,MATCHED,Synthetic Generator
RPT-0214,CIV-036,MATCHED,Synthetic Generator
RPT-0215,CIV-036,MATCHED,Synthetic Generator
RPT-0216,CIV-036,AMBIGUOUS,Synthetic Generator
RPT-0217,MEC-037,MATCHED,Synthetic Generator
RPT-0218,MEC-037,MATCHED,Synthetic Generator
RPT-0219,MEC-037,MATCHED,Synthetic Generator
RPT-0220,MEC-037,MATCHED,Synthetic Generator
RPT-0221,MEC-037,MATCHED,Synthetic Generator
RPT-0222,MEC-037,AMBIGUOUS,Synthetic Generator
RPT-0223,MEC-038,MATCHED,Synthetic Generator
RPT-0224,MEC-038,MATCHED,Synthetic Generator
RPT-0225,MEC-038,MATCHED,Synthetic Generator
RPT-0226,MEC-038,MATCHED,Synthetic Generator
RPT-0227,MEC-038,MATCHED,Synthetic Generator
RPT-0228,MEC-038,AMBIGUOUS,Synthetic Generator
RPT-0229,MEC-039,MATCHED,Synthetic Generator
RPT-0230,MEC-039,MATCHED,Synthetic Generator
RPT-0231,MEC-039,MATCHED,Synthetic Generator
RPT-0232,MEC-039,MATCHED,Synthetic Generator
RPT-0233,MEC-039,MATCHED,Synthetic Generator
RPT-0234,MEC-039,AMBIGUOUS,Synthetic Generator
RPT-0235,ELE-040,MATCHED,Synthetic Generator
RPT-0236,ELE-040,MATCHED,Synthetic Generator
RPT-0237,ELE-040,MATCHED,Synthetic Generator
RPT-0238,ELE-040,MATCHED,Synthetic Generator
RPT-0239,ELE-040,MATCHED,Synthetic Generator
RPT-0240,ELE-040,AMBIGUOUS,Synthetic Generator
RPT-0241,CIV-041,MATCHED,Synthetic Generator
RPT-0242,CIV-041,MATCHED,Synthetic Generator
RPT-0243,CIV-041,MATCHED,Synthetic Generator
RPT-0244,CIV-041,MATCHED,Synthetic Generator
RPT-0245,CIV-041,MATCHED,Synthetic Generator
RPT-0246,CIV-041,AMBIGUOUS,Synthetic Generator
RPT-0247,CIV-042,MATCHED,Synthetic Generator
RPT-0248,CIV-042,MATCHED,Synthetic Generator
RPT-0249,CIV-042,MATCHED,Synthetic Generator
RPT-0250,CIV-042,MATCHED,Synthetic Generator
RPT-0251,CIV-042,MATCHED,Synthetic Generator
RPT-0252,CIV-042,AMBIGUOUS,Synthetic Generator
RPT-0253,CIV-043,MATCHED,Synthetic Generator
RPT-0254,CIV-043,MATCHED,Synthetic Generator
RPT-0255,CIV-043,MATCHED,Synthetic Generator
RPT-0256,CIV-043,MATCHED,Synthetic Generator
RPT-0257,CIV-043,MATCHED,Synthetic Generator
RPT-0258,CIV-043,AMBIGUOUS,Synthetic Generator
RPT-0259,MEC-044,MATCHED,Synthetic Generator
RPT-0260,MEC-044,MATCHED,Synthetic Generator
RPT-0261,MEC-044,MATCHED,Synthetic Generator
RPT-0262,MEC-044,MATCHED,Synthetic Generator
RPT-0263,MEC-044,MATCHED,Synthetic Generator
RPT-0264,MEC-044,AMBIGUOUS,Synthetic Generator
RPT-0265,MEC-045,MATCHED,Synthetic Generator
RPT-0266,MEC-045,MATCHED,Synthetic Generator
RPT-0267,MEC-045,MATCHED,Synthetic Generator
RPT-0268,MEC-045,MATCHED,Synthetic Generator
RPT-0269,MEC-045,MATCHED,Synthetic Generator
RPT-0270,MEC-045,AMBIGUOUS,Synthetic Generator
RPT-0271,MEC-046,MATCHED,Synthetic Generator
RPT-0272,MEC-046,MATCHED,Synthetic Generator
RPT-0273,MEC-046,MATCHED,Synthetic Generator
RPT-0274,MEC-046,MATCHED,Synthetic Generator
RPT-0275,MEC-046,MATCHED,Synthetic Generator
RPT-0276,MEC-046,AMBIGUOUS,Synthetic Generator
RPT-0277,ELE-047,MATCHED,Synthetic Generator
RPT-0278,ELE-047,MATCHED,Synthetic Generator
RPT-0279,ELE-047,MATCHED,Synthetic Generator
RPT-0280,ELE-047,MATCHED,Synthetic Generator
RPT-0281,ELE-047,MATCHED,Synthetic Generator
RPT-0282,ELE-047,AMBIGUOUS,Synthetic Generator
RPT-0283,PIP-048,MATCHED,Synthetic Generator
RPT-0284,PIP-048,MATCHED,Synthetic Generator
RPT-0285,PIP-048,MATCHED,Synthetic Generator
RPT-0286,PIP-048,MATCHED,Synthetic Generator
RPT-0287,PIP-048,MATCHED,Synthetic Generator
RPT-0288,PIP-048,AMBIGUOUS,Synthetic Generator
RPT-0289,PIP-049,MATCHED,Synthetic Generator
RPT-0290,PIP-049,MATCHED,Synthetic Generator
RPT-0291,PIP-049,MATCHED,Synthetic Generator
RPT-0292,PIP-049,MATCHED,Synthetic Generator
RPT-0293,PIP-049,MATCHED,Synthetic Generator
RPT-0294,PIP-049,AMBIGUOUS,Synthetic Generator
RPT-0295,PIP-050,MATCHED,Synthetic Generator
RPT-0296,PIP-050,MATCHED,Synthetic Generator
RPT-0297,PIP-050,MATCHED,Synthetic Generator
RPT-0298,PIP-050,MATCHED,Synthetic Generator
RPT-0299,PIP-050,MATCHED,Synthetic Generator
RPT-0300,PIP-050,AMBIGUOUS,Synthetic Generator
RPT-0301,PIP-051,MATCHED,Synthetic Generator
RPT-0302,PIP-051,MATCHED,Synthetic Generator
RPT-0303,PIP-051,MATCHED,Synthetic Generator
RPT-0304,PIP-051,MATCHED,Synthetic Generator
RPT-0305,PIP-051,MATCHED,Synthetic Generator
RPT-0306,PIP-051,AMBIGUOUS,Synthetic Generator
RPT-0307,PIP-052,MATCHED,Synthetic Generator
RPT-0308,PIP-052,MATCHED,Synthetic Generator
RPT-0309,PIP-052,MATCHED,Synthetic Generator
RPT-0310,PIP-052,MATCHED,Synthetic Generator
RPT-0311,PIP-052,MATCHED,Synthetic Generator
RPT-0312,PIP-052,AMBIGUOUS,Synthetic Generator
RPT-0313,PIP-053,MATCHED,Synthetic Generator
RPT-0314,PIP-053,MATCHED,Synthetic Generator
RPT-0315,PIP-053,MATCHED,Synthetic Generator
RPT-0316,PIP-053,MATCHED,Synthetic Generator
RPT-0317,PIP-053,MATCHED,Synthetic Generator
RPT-0318,PIP-053,AMBIGUOUS,Synthetic Generator
RPT-0319,PIP-054,MATCHED,Synthetic Generator
RPT-0320,PIP-054,MATCHED,Synthetic Generator
RPT-0321,PIP-054,MATCHED,Synthetic Generator
RPT-0322,PIP-054,MATCHED,Synthetic Generator
RPT-0323,PIP-054,MATCHED,Synthetic Generator
RPT-0324,PIP-054,AMBIGUOUS,Synthetic Generator
RPT-0325,PIP-055,MATCHED,Synthetic Generator
RPT-0326,PIP-055,MATCHED,Synthetic Generator
RPT-0327,PIP-055,MATCHED,Synthetic Generator
RPT-0328,PIP-055,MATCHED,Synthetic Generator
RPT-0329,PIP-055,MATCHED,Synthetic Generator
RPT-0330,PIP-055,AMBIGUOUS,Synthetic Generator
RPT-0331,PIP-056,MATCHED,Synthetic Generator
RPT-0332,PIP-056,MATCHED,Synthetic Generator
RPT-0333,PIP-056,MATCHED,Synthetic Generator
RPT-0334,PIP-056,MATCHED,Synthetic Generator
RPT-0335,PIP-056,MATCHED,Synthetic Generator
RPT-0336,PIP-056,AMBIGUOUS,Synthetic Generator
RPT-0337,PIP-057,MATCHED,Synthetic Generator
RPT-0338,PIP-057,MATCHED,Synthetic Generator
RPT-0339,PIP-057,MATCHED,Synthetic Generator
RPT-0340,PIP-057,MATCHED,Synthetic Generator
RPT-0341,PIP-057,MATCHED,Synthetic Generator
RPT-0342,PIP-057,AMBIGUOUS,Synthetic Generator
RPT-0343,ELE-058,MATCHED,Synthetic Generator
RPT-0344,ELE-058,MATCHED,Synthetic Generator
RPT-0345,ELE-058,MATCHED,Synthetic Generator
RPT-0346,ELE-058,MATCHED,Synthetic Generator
RPT-0347,ELE-058,MATCHED,Synthetic Generator
RPT-0348,ELE-058,AMBIGUOUS,Synthetic Generator
RPT-0349,ELE-059,MATCHED,Synthetic Generator
RPT-0350,ELE-059,MATCHED,Synthetic Generator
RPT-0351,ELE-059,MATCHED,Synthetic Generator
RPT-0352,ELE-059,MATCHED,Synthetic Generator
RPT-0353,ELE-059,MATCHED,Synthetic Generator
RPT-0354,ELE-059,AMBIGUOUS,Synthetic Generator
RPT-0355,ELE-060,MATCHED,Synthetic Generator
RPT-0356,ELE-060,MATCHED,Synthetic Generator
RPT-0357,ELE-060,MATCHED,Synthetic Generator
RPT-0358,ELE-060,MATCHED,Synthetic Generator
RPT-0359,ELE-060,MATCHED,Synthetic Generator
RPT-0360,ELE-060,AMBIGUOUS,Synthetic Generator
RPT-0361,INS-061,MATCHED,Synthetic Generator
RPT-0362,INS-061,MATCHED,Synthetic Generator
RPT-0363,INS-061,MATCHED,Synthetic Generator
RPT-0364,INS-061,MATCHED,Synthetic Generator
RPT-0365,INS-061,MATCHED,Synthetic Generator
RPT-0366,INS-061,AMBIGUOUS,Synthetic Generator
RPT-0367,INS-062,MATCHED,Synthetic Generator
RPT-0368,INS-062,MATCHED,Synthetic Generator
RPT-0369,INS-062,MATCHED,Synthetic Generator
RPT-0370,INS-062,MATCHED,Synthetic Generator
RPT-0371,INS-062,MATCHED,Synthetic Generator
RPT-0372,INS-062,AMBIGUOUS,Synthetic Generator
RPT-0373,INS-063,MATCHED,Synthetic Generator
RPT-0374,INS-063,MATCHED,Synthetic Generator
RPT-0375,INS-063,MATCHED,Synthetic Generator
RPT-0376,INS-063,MATCHED,Synthetic Generator
RPT-0377,INS-063,MATCHED,Synthetic Generator
RPT-0378,INS-063,AMBIGUOUS,Synthetic Generator
RPT-0379,INS-064,MATCHED,Synthetic Generator
RPT-0380,INS-064,MATCHED,Synthetic Generator
RPT-0381,INS-064,MATCHED,Synthetic Generator
RPT-0382,INS-064,MATCHED,Synthetic Generator
RPT-0383,INS-064,MATCHED,Synthetic Generator
RPT-0384,INS-064,AMBIGUOUS,Synthetic Generator
RPT-0385,INS-065,MATCHED,Synthetic Generator
RPT-0386,INS-065,MATCHED,Synthetic Generator
RPT-0387,INS-065,MATCHED,Synthetic Generator
RPT-0388,INS-065,MATCHED,Synthetic Generator
RPT-0389,INS-065,MATCHED,Synthetic Generator
RPT-0390,INS-065,AMBIGUOUS,Synthetic Generator
RPT-0391,INS-066,MATCHED,Synthetic Generator
RPT-0392,INS-066,MATCHED,Synthetic Generator
RPT-0393,INS-066,MATCHED,Synthetic Generator
RPT-0394,INS-066,MATCHED,Synthetic Generator
RPT-0395,INS-066,MATCHED,Synthetic Generator
RPT-0396,INS-066,AMBIGUOUS,Synthetic Generator
RPT-0397,CIV-067,MATCHED,Synthetic Generator
RPT-0398,CIV-067,MATCHED,Synthetic Generator
RPT-0399,CIV-067,MATCHED,Synthetic Generator
RPT-0400,CIV-067,MATCHED,Synthetic Generator
RPT-0401,CIV-067,MATCHED,Synthetic Generator
RPT-0402,CIV-067,AMBIGUOUS,Synthetic Generator
RPT-0403,CIV-068,MATCHED,Synthetic Generator
RPT-0404,CIV-068,MATCHED,Synthetic Generator
RPT-0405,CIV-068,MATCHED,Synthetic Generator
RPT-0406,CIV-068,MATCHED,Synthetic Generator
RPT-0407,CIV-068,MATCHED,Synthetic Generator
RPT-0408,CIV-068,AMBIGUOUS,Synthetic Generator
RPT-0409,CIV-069,MATCHED,Synthetic Generator
RPT-0410,CIV-069,MATCHED,Synthetic Generator
RPT-0411,CIV-069,MATCHED,Synthetic Generator
RPT-0412,CIV-069,MATCHED,Synthetic Generator
RPT-0413,CIV-069,MATCHED,Synthetic Generator
RPT-0414,CIV-069,AMBIGUOUS,Synthetic Generator
RPT-0415,MEC-070,MATCHED,Synthetic Generator
RPT-0416,MEC-070,MATCHED,Synthetic Generator
RPT-0417,MEC-070,MATCHED,Synthetic Generator
RPT-0418,MEC-070,MATCHED,Synthetic Generator
RPT-0419,MEC-070,MATCHED,Synthetic Generator
RPT-0420,MEC-070,AMBIGUOUS,Synthetic Generator
RPT-0421,MEC-071,MATCHED,Synthetic Generator
RPT-0422,MEC-071,MATCHED,Synthetic Generator
RPT-0423,MEC-071,MATCHED,Synthetic Generator
RPT-0424,MEC-071,MATCHED,Synthetic Generator
RPT-0425,MEC-071,MATCHED,Synthetic Generator
RPT-0426,MEC-071,AMBIGUOUS,Synthetic Generator
RPT-0427,MEC-072,MATCHED,Synthetic Generator
RPT-0428,MEC-072,MATCHED,Synthetic Generator
RPT-0429,MEC-072,MATCHED,Synthetic Generator
RPT-0430,MEC-072,MATCHED,Synthetic Generator
RPT-0431,MEC-072,MATCHED,Synthetic Generator
RPT-0432,MEC-072,AMBIGUOUS,Synthetic Generator
RPT-0433,ELE-073,MATCHED,Synthetic Generator
RPT-0434,ELE-073,MATCHED,Synthetic Generator
RPT-0435,ELE-073,MATCHED,Synthetic Generator
RPT-0436,ELE-073,MATCHED,Synthetic Generator
RPT-0437,ELE-073,MATCHED,Synthetic Generator
RPT-0438,ELE-073,AMBIGUOUS,Synthetic Generator
RPT-0439,PIP-074,MATCHED,Synthetic Generator
RPT-0440,PIP-074,MATCHED,Synthetic Generator
RPT-0441,PIP-074,MATCHED,Synthetic Generator
RPT-0442,PIP-074,MATCHED,Synthetic Generator
RPT-0443,PIP-074,MATCHED,Synthetic Generator
RPT-0444,PIP-074,AMBIGUOUS,Synthetic Generator
RPT-0445,PIP-075,MATCHED,Synthetic Generator
RPT-0446,PIP-075,MATCHED,Synthetic Generator
RPT-0447,PIP-075,MATCHED,Synthetic Generator
RPT-0448,PIP-075,MATCHED,Synthetic Generator
RPT-0449,PIP-075,MATCHED,Synthetic Generator
RPT-0450,PIP-075,AMBIGUOUS,Synthetic Generator
RPT-0451,PIP-076,MATCHED,Synthetic Generator
RPT-0452,PIP-076,MATCHED,Synthetic Generator
RPT-0453,PIP-076,MATCHED,Synthetic Generator
RPT-0454,PIP-076,MATCHED,Synthetic Generator
RPT-0455,PIP-076,MATCHED,Synthetic Generator
RPT-0456,PIP-076,AMBIGUOUS,Synthetic Generator
RPT-0457,PIP-077,MATCHED,Synthetic Generator
RPT-0458,PIP-077,MATCHED,Synthetic Generator
RPT-0459,PIP-077,MATCHED,Synthetic Generator
RPT-0460,PIP-077,MATCHED,Synthetic Generator
RPT-0461,PIP-077,MATCHED,Synthetic Generator
RPT-0462,PIP-077,AMBIGUOUS,Synthetic Generator
RPT-0463,PIP-078,MATCHED,Synthetic Generator
RPT-0464,PIP-078,MATCHED,Synthetic Generator
RPT-0465,PIP-078,MATCHED,Synthetic Generator
RPT-0466,PIP-078,MATCHED,Synthetic Generator
RPT-0467,PIP-078,MATCHED,Synthetic Generator
RPT-0468,PIP-078,AMBIGUOUS,Synthetic Generator
RPT-0469,PIP-079,MATCHED,Synthetic Generator
RPT-0470,PIP-079,MATCHED,Synthetic Generator
RPT-0471,PIP-079,MATCHED,Synthetic Generator
RPT-0472,PIP-079,MATCHED,Synthetic Generator
RPT-0473,PIP-079,MATCHED,Synthetic Generator
RPT-0474,PIP-079,AMBIGUOUS,Synthetic Generator
RPT-0475,PIP-080,MATCHED,Synthetic Generator
RPT-0476,PIP-080,MATCHED,Synthetic Generator
RPT-0477,PIP-080,MATCHED,Synthetic Generator
RPT-0478,PIP-080,MATCHED,Synthetic Generator
RPT-0479,PIP-080,MATCHED,Synthetic Generator
RPT-0480,PIP-080,AMBIGUOUS,Synthetic Generator
RPT-0481,PIP-081,MATCHED,Synthetic Generator
RPT-0482,PIP-081,MATCHED,Synthetic Generator
RPT-0483,PIP-081,MATCHED,Synthetic Generator
RPT-0484,PIP-081,MATCHED,Synthetic Generator
RPT-0485,PIP-081,MATCHED,Synthetic Generator
RPT-0486,PIP-081,AMBIGUOUS,Synthetic Generator
RPT-0487,PIP-082,MATCHED,Synthetic Generator
RPT-0488,PIP-082,MATCHED,Synthetic Generator
RPT-0489,PIP-082,MATCHED,Synthetic Generator
RPT-0490,PIP-082,MATCHED,Synthetic Generator
RPT-0491,PIP-082,MATCHED,Synthetic Generator
RPT-0492,PIP-082,AMBIGUOUS,Synthetic Generator
RPT-0493,PIP-083,MATCHED,Synthetic Generator
RPT-0494,PIP-083,MATCHED,Synthetic Generator
RPT-0495,PIP-083,MATCHED,Synthetic Generator
RPT-0496,PIP-083,MATCHED,Synthetic Generator
RPT-0497,PIP-083,MATCHED,Synthetic Generator
RPT-0498,PIP-083,AMBIGUOUS,Synthetic Generator
RPT-0499,ELE-084,MATCHED,Synthetic Generator
RPT-0500,ELE-084,MATCHED,Synthetic Generator
RPT-0501,ELE-084,MATCHED,Synthetic Generator
RPT-0502,ELE-084,MATCHED,Synthetic Generator
RPT-0503,ELE-084,MATCHED,Synthetic Generator
RPT-0504,ELE-084,AMBIGUOUS,Synthetic Generator
RPT-0505,ELE-085,MATCHED,Synthetic Generator
RPT-0506,ELE-085,MATCHED,Synthetic Generator
RPT-0507,ELE-085,MATCHED,Synthetic Generator
RPT-0508,ELE-085,MATCHED,Synthetic Generator
RPT-0509,ELE-085,MATCHED,Synthetic Generator
RPT-0510,ELE-085,AMBIGUOUS,Synthetic Generator
RPT-0511,ELE-086,MATCHED,Synthetic Generator
RPT-0512,ELE-086,MATCHED,Synthetic Generator
RPT-0513,ELE-086,MATCHED,Synthetic Generator
RPT-0514,ELE-086,MATCHED,Synthetic Generator
RPT-0515,ELE-086,MATCHED,Synthetic Generator
RPT-0516,ELE-086,AMBIGUOUS,Synthetic Generator
RPT-0517,INS-087,MATCHED,Synthetic Generator
RPT-0518,INS-087,MATCHED,Synthetic Generator
RPT-0519,INS-087,MATCHED,Synthetic Generator
RPT-0520,INS-087,MATCHED,Synthetic Generator
RPT-0521,INS-087,MATCHED,Synthetic Generator
RPT-0522,INS-087,AMBIGUOUS,Synthetic Generator
RPT-0523,INS-088,MATCHED,Synthetic Generator
RPT-0524,INS-088,MATCHED,Synthetic Generator
RPT-0525,INS-088,MATCHED,Synthetic Generator
RPT-0526,INS-088,MATCHED,Synthetic Generator
RPT-0527,INS-088,MATCHED,Synthetic Generator
RPT-0528,INS-088,AMBIGUOUS,Synthetic Generator
RPT-0529,INS-089,MATCHED,Synthetic Generator
RPT-0530,INS-089,MATCHED,Synthetic Generator
RPT-0531,INS-089,MATCHED,Synthetic Generator
RPT-0532,INS-089,MATCHED,Synthetic Generator
RPT-0533,INS-089,MATCHED,Synthetic Generator
RPT-0534,INS-089,AMBIGUOUS,Synthetic Generator
RPT-0535,INS-090,MATCHED,Synthetic Generator
RPT-0536,INS-090,MATCHED,Synthetic Generator
RPT-0537,INS-090,MATCHED,Synthetic Generator
RPT-0538,INS-090,MATCHED,Synthetic Generator
RPT-0539,INS-090,MATCHED,Synthetic Generator
RPT-0540,INS-090,AMBIGUOUS,Synthetic Generator
RPT-0541,INS-091,MATCHED,Synthetic Generator
RPT-0542,INS-091,MATCHED,Synthetic Generator
RPT-0543,INS-091,MATCHED,Synthetic Generator
RPT-0544,INS-091,MATCHED,Synthetic Generator
RPT-0545,INS-091,MATCHED,Synthetic Generator
RPT-0546,INS-091,AMBIGUOUS,Synthetic Generator
RPT-0547,INS-092,MATCHED,Synthetic Generator
RPT-0548,INS-092,MATCHED,Synthetic Generator
RPT-0549,INS-092,MATCHED,Synthetic Generator
RPT-0550,INS-092,MATCHED,Synthetic Generator
RPT-0551,INS-092,MATCHED,Synthetic Generator
RPT-0552,INS-092,AMBIGUOUS,Synthetic Generator
RPT-0553,CIV-093,MATCHED,Synthetic Generator
RPT-0554,CIV-093,MATCHED,Synthetic Generator
RPT-0555,CIV-093,MATCHED,Synthetic Generator
RPT-0556,CIV-093,MATCHED,Synthetic Generator
RPT-0557,CIV-093,MATCHED,Synthetic Generator
RPT-0558,CIV-093,AMBIGUOUS,Synthetic Generator
RPT-0559,CIV-094,MATCHED,Synthetic Generator
RPT-0560,CIV-094,MATCHED,Synthetic Generator
RPT-0561,CIV-094,MATCHED,Synthetic Generator
RPT-0562,CIV-094,MATCHED,Synthetic Generator
RPT-0563,CIV-094,MATCHED,Synthetic Generator
RPT-0564,CIV-094,AMBIGUOUS,Synthetic Generator
RPT-0565,CIV-095,MATCHED,Synthetic Generator
RPT-0566,CIV-095,MATCHED,Synthetic Generator
RPT-0567,CIV-095,MATCHED,Synthetic Generator
RPT-0568,CIV-095,MATCHED,Synthetic Generator
RPT-0569,CIV-095,MATCHED,Synthetic Generator
RPT-0570,CIV-095,AMBIGUOUS,Synthetic Generator
RPT-0571,MEC-096,MATCHED,Synthetic Generator
RPT-0572,MEC-096,MATCHED,Synthetic Generator
RPT-0573,MEC-096,MATCHED,Synthetic Generator
RPT-0574,MEC-096,MATCHED,Synthetic Generator
RPT-0575,MEC-096,MATCHED,Synthetic Generator
RPT-0576,MEC-096,AMBIGUOUS,Synthetic Generator
RPT-0577,MEC-097,MATCHED,Synthetic Generator
RPT-0578,MEC-097,MATCHED,Synthetic Generator
RPT-0579,MEC-097,MATCHED,Synthetic Generator
RPT-0580,MEC-097,MATCHED,Synthetic Generator
RPT-0581,MEC-097,MATCHED,Synthetic Generator
RPT-0582,MEC-097,AMBIGUOUS,Synthetic Generator
RPT-0583,MEC-098,MATCHED,Synthetic Generator
RPT-0584,MEC-098,MATCHED,Synthetic Generator
RPT-0585,MEC-098,MATCHED,Synthetic Generator
RPT-0586,MEC-098,MATCHED,Synthetic Generator
RPT-0587,MEC-098,MATCHED,Synthetic Generator
RPT-0588,MEC-098,AMBIGUOUS,Synthetic Generator
RPT-0589,ELE-099,MATCHED,Synthetic Generator
RPT-0590,ELE-099,MATCHED,Synthetic Generator
RPT-0591,ELE-099,MATCHED,Synthetic Generator
RPT-0592,ELE-099,MATCHED,Synthetic Generator
RPT-0593,ELE-099,MATCHED,Synthetic Generator
RPT-0594,ELE-099,AMBIGUOUS,Synthetic Generator
RPT-0595,PIP-100,MATCHED,Synthetic Generator
RPT-0596,PIP-100,MATCHED,Synthetic Generator
RPT-0597,PIP-100,MATCHED,Synthetic Generator
RPT-0598,PIP-100,MATCHED,Synthetic Generator
RPT-0599,PIP-100,MATCHED,Synthetic Generator
RPT-0600,PIP-100,AMBIGUOUS,Synthetic Generator
RPT-0601,PIP-101,MATCHED,Synthetic Generator
RPT-0602,PIP-101,MATCHED,Synthetic Generator
RPT-0603,PIP-101,MATCHED,Synthetic Generator
RPT-0604,PIP-101,MATCHED,Synthetic Generator
RPT-0605,PIP-101,MATCHED,Synthetic Generator
RPT-0606,PIP-101,AMBIGUOUS,Synthetic Generator
RPT-0607,PIP-102,MATCHED,Synthetic Generator
RPT-0608,PIP-102,MATCHED,Synthetic Generator
RPT-0609,PIP-102,MATCHED,Synthetic Generator
RPT-0610,PIP-102,MATCHED,Synthetic Generator
RPT-0611,PIP-102,MATCHED,Synthetic Generator
RPT-0612,PIP-102,AMBIGUOUS,Synthetic Generator
RPT-0613,PIP-103,MATCHED,Synthetic Generator
RPT-0614,PIP-103,MATCHED,Synthetic Generator
RPT-0615,PIP-103,MATCHED,Synthetic Generator
RPT-0616,PIP-103,MATCHED,Synthetic Generator
RPT-0617,PIP-103,MATCHED,Synthetic Generator
RPT-0618,PIP-103,AMBIGUOUS,Synthetic Generator
RPT-0619,PIP-104,MATCHED,Synthetic Generator
RPT-0620,PIP-104,MATCHED,Synthetic Generator
RPT-0621,PIP-104,MATCHED,Synthetic Generator
RPT-0622,PIP-104,MATCHED,Synthetic Generator
RPT-0623,PIP-104,MATCHED,Synthetic Generator
RPT-0624,PIP-104,AMBIGUOUS,Synthetic Generator
RPT-0625,PIP-105,MATCHED,Synthetic Generator
RPT-0626,PIP-105,MATCHED,Synthetic Generator
RPT-0627,PIP-105,MATCHED,Synthetic Generator
RPT-0628,PIP-105,MATCHED,Synthetic Generator
RPT-0629,PIP-105,MATCHED,Synthetic Generator
RPT-0630,PIP-105,AMBIGUOUS,Synthetic Generator
RPT-0631,PIP-106,MATCHED,Synthetic Generator
RPT-0632,PIP-106,MATCHED,Synthetic Generator
RPT-0633,PIP-106,MATCHED,Synthetic Generator
RPT-0634,PIP-106,MATCHED,Synthetic Generator
RPT-0635,PIP-106,MATCHED,Synthetic Generator
RPT-0636,PIP-106,AMBIGUOUS,Synthetic Generator
RPT-0637,PIP-107,MATCHED,Synthetic Generator
RPT-0638,PIP-107,MATCHED,Synthetic Generator
RPT-0639,PIP-107,MATCHED,Synthetic Generator
RPT-0640,PIP-107,MATCHED,Synthetic Generator
RPT-0641,PIP-107,MATCHED,Synthetic Generator
RPT-0642,PIP-107,AMBIGUOUS,Synthetic Generator
RPT-0643,PIP-108,MATCHED,Synthetic Generator
RPT-0644,PIP-108,MATCHED,Synthetic Generator
RPT-0645,PIP-108,MATCHED,Synthetic Generator
RPT-0646,PIP-108,MATCHED,Synthetic Generator
RPT-0647,PIP-108,MATCHED,Synthetic Generator
RPT-0648,PIP-108,AMBIGUOUS,Synthetic Generator
RPT-0649,PIP-109,MATCHED,Synthetic Generator
RPT-0650,PIP-109,MATCHED,Synthetic Generator
RPT-0651,PIP-109,MATCHED,Synthetic Generator
RPT-0652,PIP-109,MATCHED,Synthetic Generator
RPT-0653,PIP-109,MATCHED,Synthetic Generator
RPT-0654,PIP-109,AMBIGUOUS,Synthetic Generator
RPT-0655,ELE-110,MATCHED,Synthetic Generator
RPT-0656,ELE-110,MATCHED,Synthetic Generator
RPT-0657,ELE-110,MATCHED,Synthetic Generator
RPT-0658,ELE-110,MATCHED,Synthetic Generator
RPT-0659,ELE-110,MATCHED,Synthetic Generator
RPT-0660,ELE-110,AMBIGUOUS,Synthetic Generator
RPT-0661,ELE-111,MATCHED,Synthetic Generator
RPT-0662,ELE-111,MATCHED,Synthetic Generator
RPT-0663,ELE-111,MATCHED,Synthetic Generator
RPT-0664,ELE-111,MATCHED,Synthetic Generator
RPT-0665,ELE-111,MATCHED,Synthetic Generator
RPT-0666,ELE-111,AMBIGUOUS,Synthetic Generator
RPT-0667,ELE-112,MATCHED,Synthetic Generator
RPT-0668,ELE-112,MATCHED,Synthetic Generator
RPT-0669,ELE-112,MATCHED,Synthetic Generator
RPT-0670,ELE-112,MATCHED,Synthetic Generator
RPT-0671,ELE-112,MATCHED,Synthetic Generator
RPT-0672,ELE-112,AMBIGUOUS,Synthetic Generator
RPT-0673,INS-113,MATCHED,Synthetic Generator
RPT-0674,INS-113,MATCHED,Synthetic Generator
RPT-0675,INS-113,MATCHED,Synthetic Generator
RPT-0676,INS-113,MATCHED,Synthetic Generator
RPT-0677,INS-113,MATCHED,Synthetic Generator
RPT-0678,INS-113,AMBIGUOUS,Synthetic Generator
RPT-0679,INS-114,MATCHED,Synthetic Generator
RPT-0680,INS-114,MATCHED,Synthetic Generator
RPT-0681,INS-114,MATCHED,Synthetic Generator
RPT-0682,INS-114,MATCHED,Synthetic Generator
RPT-0683,INS-114,MATCHED,Synthetic Generator
RPT-0684,INS-114,AMBIGUOUS,Synthetic Generator
RPT-0685,INS-115,MATCHED,Synthetic Generator
RPT-0686,INS-115,MATCHED,Synthetic Generator
RPT-0687,INS-115,MATCHED,Synthetic Generator
RPT-0688,INS-115,MATCHED,Synthetic Generator
RPT-0689,INS-115,MATCHED,Synthetic Generator
RPT-0690,INS-115,AMBIGUOUS,Synthetic Generator
RPT-0691,INS-116,MATCHED,Synthetic Generator
RPT-0692,INS-116,MATCHED,Synthetic Generator
RPT-0693,INS-116,MATCHED,Synthetic Generator
RPT-0694,INS-116,MATCHED,Synthetic Generator
RPT-0695,INS-116,MATCHED,Synthetic Generator
RPT-0696,INS-116,AMBIGUOUS,Synthetic Generator
RPT-0697,INS-117,MATCHED,Synthetic Generator
RPT-0698,INS-117,MATCHED,Synthetic Generator
RPT-0699,INS-117,MATCHED,Synthetic Generator
RPT-0700,INS-117,MATCHED,Synthetic Generator
RPT-0701,INS-117,MATCHED,Synthetic Generator
RPT-0702,INS-117,AMBIGUOUS,Synthetic Generator
RPT-0703,INS-118,MATCHED,Synthetic Generator
RPT-0704,INS-118,MATCHED,Synthetic Generator
RPT-0705,INS-118,MATCHED,Synthetic Generator
RPT-0706,INS-118,MATCHED,Synthetic Generator
RPT-0707,INS-118,MATCHED,Synthetic Generator
RPT-0708,INS-118,AMBIGUOUS,Synthetic Generator
RPT-0709,,UNMATCHED,Synthetic Generator
RPT-0710,,UNMATCHED,Synthetic Generator
RPT-0711,,UNMATCHED,Synthetic Generator
RPT-0712,,UNMATCHED,Synthetic Generator
RPT-0713,,UNMATCHED,Synthetic Generator
RPT-0714,,UNMATCHED,Synthetic Generator
RPT-0715,,UNMATCHED,Synthetic Generator
RPT-0716,,UNMATCHED,Synthetic Generator
RPT-0717,,UNMATCHED,Synthetic Generator
RPT-0718,,UNMATCHED,Synthetic Generator
RPT-0719,,UNMATCHED,Synthetic Generator
RPT-0720,,UNMATCHED,Synthetic Generator
RPT-0721,,UNMATCHED,Synthetic Generator
RPT-0722,,UNMATCHED,Synthetic Generator
RPT-0723,,UNMATCHED,Synthetic Generator
RPT-0724,,UNMATCHED,Synthetic Generator
RPT-0725,,UNMATCHED,Synthetic Generator
RPT-0726,,UNMATCHED,Synthetic Generator
RPT-0727,,UNMATCHED,Synthetic Generator
RPT-0728,,UNMATCHED,Synthetic Generator
RPT-0729,,UNMATCHED,Synthetic Generator
RPT-0730,,UNMATCHED,Synthetic Generator
RPT-0731,,UNMATCHED,Synthetic Generator
RPT-0732,,UNMATCHED,Synthetic Generator
RPT-0733,,UNMATCHED,Synthetic Generator
RPT-0734,,UNMATCHED,Synthetic Generator
RPT-0735,,UNMATCHED,Synthetic Generator
RPT-0736,,UNMATCHED,Synthetic Generator
RPT-0737,,UNMATCHED,Synthetic Generator
RPT-0738,,UNMATCHED,Synthetic Generator
