report_id,report_date,source_type,raw_text,report_category,expected_event_type,expected_progress
RPT-0001,2026-01-07,DPR,Excavate work for F 101 10% complete at PA-A.,Normal,PROGRESS,10
RPT-0002,2026-01-05,Field App,Excavate work for F-101 60% complete at pump A.,Normal,PROGRESS,60
RPT-0003,2026-01-07,Voice Transcript,F-101 foundation digging finished.,Abbreviation,FINISH,100
RPT-0004,2026-01-06,Supervisor Text,pump area a f 101 excavate work finished,Noisy,FINISH,100
RPT-0005,2026-01-06,Supervisor Text,F 101 excavate done.,Incomplete,FINISH,100
RPT-0006,2026-01-06,DPR,Foundation work 90% complete.,Ambiguous,PROGRESS,90
RPT-0007,2026-01-10,Supervisor Text,Cast work for F 101 90% complete at PA-A.,Normal,PROGRESS,90
RPT-0008,2026-01-11,Field App,F101 pour concrete begun in Pump Area A.,Normal,START,0
RPT-0009,2026-01-10,Field App,F101 cast finished.,Abbreviation,FINISH,100
RPT-0010,2026-01-09,Field App,pa a f-101 concrete casting work finished,Noisy,FINISH,100
RPT-0011,2026-01-10,Supervisor Text,F 101 concreting 90% complete.,Incomplete,PROGRESS,90
RPT-0012,2026-01-10,Field App,Pour Concrete completed.,Ambiguous,FINISH,100
RPT-0013,2026-01-15,Field App,F 101 curing 60% complete in pump A.,Normal,PROGRESS,60
RPT-0014,2026-01-15,Voice Transcript,Civil update: cure of F-101 completed at Pump Area A.,Normal,FINISH,100
RPT-0015,2026-01-14,DPR,f-101 curing 50% complete.,Abbreviation,PROGRESS,50
RPT-0016,2026-01-17,Field App,pa a f 101 cure work 60% complete,Noisy,PROGRESS,60
RPT-0017,2026-01-18,Field App,Cure work finished.,Incomplete,FINISH,100
RPT-0018,2026-01-14,Supervisor Text,Foundation work done.,Ambiguous,FINISH,100
RPT-0019,2026-01-20,DPR,Mechanical update: install of P 101 started at PA-A.,Normal,START,0
RPT-0020,2026-01-21,Field App,Mechanical update: installation of P-101 90% complete at PA-A.,Normal,PROGRESS,90
RPT-0021,2026-01-20,Supervisor Text,p-101 placed finished.,Abbreviation,FINISH,100
RPT-0022,2026-01-20,Field App,p 101 placed done at pump a,Noisy,FINISH,100
RPT-0023,2026-01-20,DPR,P-101 placed completed.,Incomplete,FINISH,100
RPT-0024,2026-01-21,Voice Transcript,Equipment work finished.,Ambiguous,FINISH,100
RPT-0025,2026-01-24,DPR,P101 align done in pump A.,Normal,FINISH,100
RPT-0026,2026-01-24,DPR,p-101 alignment done in PA A.,Normal,FINISH,100
RPT-0027,2026-01-25,Field App,P 101 align completed @ Pump Area A,Abbreviation,FINISH,100
RPT-0028,2026-01-24,DPR,pump a p 101 align work completd,Noisy,FINISH,100
RPT-0029,2026-01-25,Voice Transcript,P-101 align 60% complete.,Incomplete,PROGRESS,60
RPT-0030,2026-01-25,Supervisor Text,Equipment work done.,Ambiguous,FINISH,100
RPT-0031,2026-01-28,Field App,Mechanical update: quality check of p-101 commenced at PA A.,Normal,START,0
RPT-0032,2026-01-27,DPR,P101 inspect finished in Pump Area A.,Normal,FINISH,100
RPT-0033,2026-01-27,DPR,P101 inspect 60% complete @ Pump Area A,Abbreviation,PROGRESS,60
RPT-0034,2026-01-27,Voice Transcript,p-101 inspec 25% complete at pump area a,Noisy,PROGRESS,25
RPT-0035,2026-01-28,Field App,P 101 work 60% complete.,Incomplete,PROGRESS,60
RPT-0036,2026-01-27,Voice Transcript,Equipment work done.,Ambiguous,FINISH,100
RPT-0037,2026-01-31,Field App,Motor Power Hookup work for P-101 60% complete at Pump Area A.,Normal,PROGRESS,60
RPT-0038,2026-01-31,Supervisor Text,Power Connected work for P-101 begun at PA-A.,Normal,START,0
RPT-0039,2026-01-30,Supervisor Text,P-101 motor power hookup 90% complete @ PA A,Abbreviation,PROGRESS,90
RPT-0040,2026-01-31,Field App,p-101 power connected done at pa-a,Noisy,FINISH,100
RPT-0041,2026-01-30,Voice Transcript,P 101 power connected 90% complete.,Incomplete,PROGRESS,90
RPT-0042,2026-01-31,Field App,Electrical work update: 10% complete.,Ambiguous,PROGRESS,10
RPT-0043,2026-01-07,Field App,Excavate work for f-102 60% complete at Pump Area A.,Normal,PROGRESS,60
RPT-0044,2026-01-06,Supervisor Text,Excavation work for F 102 completed at PA-A.,Normal,FINISH,100
RPT-0045,2026-01-07,DPR,F-102 excavate commenced @ PA A,Abbreviation,START,0
RPT-0046,2026-01-06,DPR,f-102 excavate completd at pa-a,Noisy,FINISH,100
RPT-0047,2026-01-06,Field App,F 102 foundation digging finished.,Incomplete,FINISH,100
RPT-0048,2026-01-05,Voice Transcript,Foundation work 10% complete.,Ambiguous,PROGRESS,10
RPT-0049,2026-01-12,Supervisor Text,Cast work for F102 finished at PA-A.,Normal,FINISH,100
RPT-0050,2026-01-12,Supervisor Text,Civil update: concreting of F-102 finished at PA A.,Normal,FINISH,100
RPT-0051,2026-01-09,DPR,PA A: F-102 concrete casting commenced,Abbreviation,START,0
RPT-0052,2026-01-10,Supervisor Text,pump a f 102 cast work 40% complete,Noisy,PROGRESS,40
RPT-0053,2026-01-09,Supervisor Text,Concrete Casting work done.,Incomplete,FINISH,100
RPT-0054,2026-01-12,Supervisor Text,Foundation work update: 75% complete.,Ambiguous,PROGRESS,75
RPT-0055,2026-01-17,Field App,Civil update: cure of F 102 done at PA-A.,Normal,FINISH,100
RPT-0056,2026-01-15,Voice Transcript,f-102 curing 40% complete in Pump Area A.,Normal,PROGRESS,40
RPT-0057,2026-01-15,Voice Transcript,pump A: F 102 curing 60% complete,Abbreviation,PROGRESS,60
RPT-0058,2026-01-14,Field App,pump area a f102 curing work 90% complete,Noisy,PROGRESS,90
RPT-0059,2026-01-15,Voice Transcript,F102 cure 25% complete.,Incomplete,PROGRESS,25
RPT-0060,2026-01-18,Field App,Foundation work update: 90% complete.,Ambiguous,PROGRESS,90
RPT-0061,2026-01-22,DPR,Installation work for p-102 50% complete at pump A.,Normal,PROGRESS,50
RPT-0062,2026-01-22,Voice Transcript,Mechanical update: installation of P-102 started at pump A.,Normal,START,0
RPT-0063,2026-01-22,Supervisor Text,Pump Area A: P102 mounted completed,Abbreviation,FINISH,100
RPT-0064,2026-01-22,Voice Transcript,p-102 placed begun at pump a,Noisy,START,0
RPT-0065,2026-01-20,Supervisor Text,P102 work done.,Incomplete,FINISH,100
RPT-0066,2026-01-22,DPR,Erection completed.,Ambiguous,FINISH,100
RPT-0067,2026-01-24,Voice Transcript,Align work for P102 finished at pump A.,Normal,FINISH,100
RPT-0068,2026-01-25,DPR,p-102 align completed in pump A.,Normal,FINISH,100
RPT-0069,2026-01-25,Voice Transcript,pump A: p-102 align begun,Abbreviation,START,0
RPT-0070,2026-01-25,DPR,pump a p102 align work done,Noisy,FINISH,100
RPT-0071,2026-01-24,Voice Transcript,p-102 work completed.,Incomplete,FINISH,100
RPT-0072,2026-01-25,Field App,Equipment work 75% complete.,Ambiguous,PROGRESS,75
RPT-0073,2026-01-28,Voice Transcript,p-102 inspection done in PA A.,Normal,FINISH,100
RPT-0074,2026-01-27,Supervisor Text,Inspect work for p-102 done at PA A.,Normal,FINISH,100
RPT-0075,2026-01-27,Field App,P-102 inspect completed @ Pump Area A,Abbreviation,FINISH,100
RPT-0076,2026-01-28,Field App,pump area a p-102 inspec work done,Noisy,FINISH,100
RPT-0077,2026-01-27,Supervisor Text,P-102 checked 75% complete.,Incomplete,PROGRESS,75
RPT-0078,2026-01-27,DPR,Equipment work update: 50% complete.,Ambiguous,PROGRESS,50
RPT-0079,2026-01-31,Supervisor Text,Electrical update: power connected of P-102 40% complete at Pump Area A.,Normal,PROGRESS,40
RPT-0080,2026-01-31,Supervisor Text,Power Connected work for P 102 done at Pump Area A.,Normal,FINISH,100
RPT-0081,2026-01-31,Voice Transcript,p-102 power connected 90% complete @ PA-A,Abbreviation,PROGRESS,90
RPT-0082,2026-01-31,Field App,pa a p 102 motor connection work completd,Noisy,FINISH,100
RPT-0083,2026-01-31,Field App,Motor Connection work 60% complete.,Incomplete,PROGRESS,60
RPT-0084,2026-01-31,DPR,Electrical work update: done.,Ambiguous,FINISH,100
RPT-0085,2026-01-16,Field App,SP101 installation finished in Pump Area A.,Normal,FINISH,100
RPT-0086,2026-01-16,Field App,Install work for sp-101 75% complete at pump A.,Normal,PROGRESS,75
RPT-0087,2026-01-17,Supervisor Text,PA A: SP101 placed done,Abbreviation,FINISH,100
RPT-0088,2026-01-16,Field App,pa a sp 101 mounted work done,Noisy,FINISH,100
RPT-0089,2026-01-17,Field App,SP101 work finished.,Incomplete,FINISH,100
RPT-0090,2026-01-16,DPR,Spool work update: finished.,Ambiguous,FINISH,100
RPT-0091,2026-01-19,Field App,SP101 joint fitup 40% complete in PA A.,Normal,PROGRESS,40
RPT-0092,2026-01-19,DPR,SP-101 joint fitup finished in PA A.,Normal,FINISH,100
RPT-0093,2026-01-19,Supervisor Text,sp-101 fit up 50% complete @ pump A,Abbreviation,PROGRESS,50
RPT-0094,2026-01-19,DPR,pump area a sp-101 fit-up work begun,Noisy,START,0
RPT-0095,2026-01-20,Field App,SP 101 work completed.,Incomplete,FINISH,100
RPT-0096,2026-01-20,Supervisor Text,Spool work update: 50% complete.,Ambiguous,PROGRESS,50
RPT-0097,2026-01-24,DPR,SP-101 welding 10% complete in PA-A.,Normal,PROGRESS,10
RPT-0098,2026-01-23,Voice Transcript,SP101 welding completed in Pump Area A.,Normal,FINISH,100
RPT-0099,2026-01-22,Field App,PA A: SP101 weld work finished,Abbreviation,FINISH,100
RPT-0100,2026-01-24,Field App,sp101 weld commenced at pump a,Noisy,START,0
RPT-0101,2026-01-24,Supervisor Text,Weld work started.,Incomplete,START,0
RPT-0102,2026-01-24,Voice Transcript,Spool work update: done.,Ambiguous,FINISH,100
RPT-0103,2026-01-26,DPR,SP-101 weld work finished in pump A.,Normal,FINISH,100
RPT-0104,2026-01-27,Supervisor Text,SP-101 weld completed in PA A.,Normal,FINISH,100
RPT-0105,2026-01-27,Supervisor Text,pump A: sp-101 weld done,Abbreviation,FINISH,100
RPT-0106,2026-01-27,Voice Transcript,pa-a sp-101 weld work work done,Noisy,FINISH,100
RPT-0107,2026-01-27,Supervisor Text,Weld work 60% complete.,Incomplete,PROGRESS,60
RPT-0108,2026-01-26,Supervisor Text,Spool work done.,Ambiguous,FINISH,100
RPT-0109,2026-01-29,Supervisor Text,sp-101 pressure test 50% complete in Pump Area A.,Normal,PROGRESS,50
RPT-0110,2026-01-29,Field App,Piping update: hydrotest of sp-101 finished at Pump Area A.,Normal,FINISH,100
RPT-0111,2026-01-30,DPR,SP-101 hydrotest completed @ pump A,Abbreviation,FINISH,100
RPT-0112,2026-01-30,Voice Transcript,pa a sp-101 hydro testing work 25% complete,Noisy,PROGRESS,25
RPT-0113,2026-01-29,DPR,SP101 work finished.,Incomplete,FINISH,100
RPT-0114,2026-01-30,Voice Transcript,Hydro Testing completed.,Ambiguous,FINISH,100
RPT-0115,2026-01-17,Voice Transcript,Piping update: erection of sp-102 begun at pump A.,Normal,START,0
RPT-0116,2026-01-15,Voice Transcript,SP 102 installation finished in PA-A.,Normal,FINISH,100
RPT-0117,2026-01-15,Voice Transcript,sp-102 mounted finished.,Abbreviation,FINISH,100
RPT-0118,2026-01-17,Voice Transcript,sp102 install begun at pa a,Noisy,START,0
RPT-0119,2026-01-16,Supervisor Text,Installation work completed.,Incomplete,FINISH,100
RPT-0120,2026-01-16,Voice Transcript,Placed completed.,Ambiguous,PROGRESS,50
RPT-0121,2026-01-20,Field App,Piping update: joint fitup of SP-102 commenced at Pump Area A.,Normal,START,0
RPT-0122,2026-01-20,DPR,Joint Preparation work for SP-102 50% complete at Pump Area A.,Normal,PROGRESS,50
RPT-0123,2026-01-19,Field App,PA A: SP-102 fit up done,Abbreviation,FINISH,100
RPT-0124,2026-01-19,Voice Transcript,pa-a sp102 joint fitup work completd,Noisy,FINISH,100
RPT-0125,2026-01-20,Supervisor Text,Joint Preparation work commenced.,Incomplete,START,0
RPT-0126,2026-01-20,Supervisor Text,Spool work 90% complete.,Ambiguous,PROGRESS,90
RPT-0127,2026-01-22,Voice Transcript,SP 102 weld work begun in pump A.,Normal,START,0
RPT-0128,2026-01-24,Supervisor Text,SP-102 joint welding commenced in PA-A.,Normal,START,0
RPT-0129,2026-01-24,DPR,SP 102 joint welding begun @ Pump Area A,Abbreviation,START,0
RPT-0130,2026-01-22,Field App,pa a sp-102 weldng work commenced,Noisy,START,0
RPT-0131,2026-01-23,DPR,Weld work 75% complete.,Incomplete,PROGRESS,75
RPT-0132,2026-01-24,Voice Transcript,Weld Work completed.,Ambiguous,PROGRESS,75
RPT-0133,2026-01-27,Supervisor Text,SP102 weld work completed in PA A.,Normal,FINISH,100
RPT-0134,2026-01-26,Voice Transcript,Weld work for SP-102 40% complete at pump A.,Normal,PROGRESS,40
RPT-0135,2026-01-26,Voice Transcript,Pump Area A: SP 102 joint welding started,Abbreviation,START,0
RPT-0136,2026-01-27,DPR,sp 102 weld work completd at pump a,Noisy,FINISH,100
RPT-0137,2026-01-27,Supervisor Text,SP 102 work 60% complete.,Incomplete,PROGRESS,60
RPT-0138,2026-01-27,DPR,Weld completed.,Ambiguous,PROGRESS,10
RPT-0139,2026-01-30,Field App,Piping update: testing of SP102 done at pump A.,Normal,FINISH,100
RPT-0140,2026-01-30,Field App,Testing work for SP-102 begun at pump A.,Normal,START,0
RPT-0141,2026-01-30,DPR,PA A: SP102 hydrotest finished,Abbreviation,FINISH,100
RPT-0142,2026-01-29,DPR,sp102 testing completd at pump area a,Noisy,FINISH,100
RPT-0143,2026-01-29,Field App,SP102 work 25% complete.,Incomplete,PROGRESS,25
RPT-0144,2026-01-29,Field App,Hydrotest completed.,Ambiguous,PROGRESS,25
RPT-0145,2026-01-18,Field App,Install work for CT101 completed at Pump Area A.,Normal,FINISH,100
RPT-0146,2026-01-19,Voice Transcript,Install work for CT101 10% complete at PA A.,Normal,PROGRESS,10
RPT-0147,2026-01-19,DPR,CT-101 mounted done.,Abbreviation,FINISH,100
RPT-0148,2026-01-19,DPR,pump area a ct101 placed work done,Noisy,FINISH,100
RPT-0149,2026-01-18,Voice Transcript,ct-101 mounted finished.,Incomplete,FINISH,100
RPT-0150,2026-01-17,Supervisor Text,Electrical work completed.,Ambiguous,FINISH,100
RPT-0151,2026-01-22,Voice Transcript,Electrical update: cables routed of CT 101 60% complete at pump A.,Normal,PROGRESS,60
RPT-0152,2026-01-23,Field App,Electrical update: cables routed of ct-101 completed at Pump Area A.,Normal,FINISH,100
RPT-0153,2026-01-22,DPR,pump A: CT101 pull cables done,Abbreviation,FINISH,100
RPT-0154,2026-01-21,DPR,pa a ct 101 pull cables work completd,Noisy,FINISH,100
RPT-0155,2026-01-22,Field App,ct-101 work 10% complete.,Incomplete,PROGRESS,10
RPT-0156,2026-01-23,Voice Transcript,Pull Cables completed.,Ambiguous,PROGRESS,60
RPT-0157,2026-01-25,Field App,CT-101 cables terminated begun in PA A.,Normal,START,0
RPT-0158,2026-01-26,DPR,Electrical update: cable termination of ct-101 done at PA-A.,Normal,FINISH,100
RPT-0159,2026-01-25,Supervisor Text,CT101 cables terminated 60% complete.,Abbreviation,PROGRESS,60
RPT-0160,2026-01-25,Field App,ct 101 terminate cables done at pa a,Noisy,FINISH,100
RPT-0161,2026-01-25,DPR,CT-101 work 50% complete.,Incomplete,PROGRESS,50
RPT-0162,2026-01-25,Supervisor Text,Terminate Cables completed.,Ambiguous,PROGRESS,25
RPT-0163,2026-01-23,DPR,Install work for PT 101 completed at Pump Area A.,Normal,FINISH,100
RPT-0164,2026-01-24,Field App,pt-101 placed done in pump A.,Normal,FINISH,100
RPT-0165,2026-01-24,Supervisor Text,pump A: PT 101 install 10% complete,Abbreviation,PROGRESS,10
RPT-0166,2026-01-23,Field App,pump area a pt-101 install work completd,Noisy,FINISH,100
RPT-0167,2026-01-24,Field App,Install work 40% complete.,Incomplete,PROGRESS,40
RPT-0168,2026-01-23,Voice Transcript,Instrument work update: done.,Ambiguous,FINISH,100
RPT-0169,2026-01-27,Supervisor Text,PT-101 calibration finished in PA A.,Normal,FINISH,100
RPT-0170,2026-01-27,DPR,PT-101 calibrate finished in PA A.,Normal,FINISH,100
RPT-0171,2026-01-26,Voice Transcript,PA-A: PT-101 calibration finished,Abbreviation,FINISH,100
RPT-0172,2026-01-26,Field App,pt 101 calibrtn started at pa-a,Noisy,START,0
RPT-0173,2026-01-26,Supervisor Text,PT 101 calibrate started.,Incomplete,START,0
RPT-0174,2026-01-27,Voice Transcript,Calibrate completed.,Ambiguous,FINISH,100
RPT-0175,2026-01-29,Voice Transcript,PT 101 loop check 60% complete in PA A.,Normal,PROGRESS,60
RPT-0176,2026-01-29,Supervisor Text,PT 101 loop testing completed in PA A.,Normal,FINISH,100
RPT-0177,2026-01-29,Voice Transcript,PT-101 signal check done @ Pump Area A,Abbreviation,FINISH,100
RPT-0178,2026-01-30,Voice Transcript,pt-101 loop testing finished at pump a,Noisy,FINISH,100
RPT-0179,2026-01-29,Field App,PT-101 work done.,Incomplete,FINISH,100
RPT-0180,2026-01-29,Supervisor Text,Instrument work update: finished.,Ambiguous,FINISH,100
RPT-0181,2026-01-23,Supervisor Text,Instrumentation update: mounted of TT 101 done at pump A.,Normal,FINISH,100
RPT-0182,2026-01-23,Supervisor Text,Instrumentation update: erection of TT-101 done at pump A.,Normal,FINISH,100
RPT-0183,2026-01-24,Field App,TT101 erection finished.,Abbreviation,FINISH,100
RPT-0184,2026-01-23,Voice Transcript,tt 101 erction 10% complete at pump a,Noisy,PROGRESS,10
RPT-0185,2026-01-24,Voice Transcript,TT-101 erection completed.,Incomplete,FINISH,100
RPT-0186,2026-01-23,Supervisor Text,Instrument work done.,Ambiguous,FINISH,100
RPT-0187,2026-01-26,Voice Transcript,Calibrate work for TT101 started at pump A.,Normal,START,0
RPT-0188,2026-01-27,Field App,TT 101 calibration finished in PA-A.,Normal,FINISH,100
RPT-0189,2026-01-27,Voice Transcript,TT 101 calibrate done.,Abbreviation,FINISH,100
RPT-0190,2026-01-26,Supervisor Text,tt-101 calibrate 90% complete at pump a,Noisy,PROGRESS,90
RPT-0191,2026-01-26,Supervisor Text,tt-101 work finished.,Incomplete,FINISH,100
RPT-0192,2026-01-27,DPR,Instrument work finished.,Ambiguous,FINISH,100
RPT-0193,2026-01-29,Voice Transcript,TT101 signal check started in pump A.,Normal,START,0
RPT-0194,2026-01-29,Supervisor Text,Loop Check work for TT101 done at pump A.,Normal,FINISH,100
RPT-0195,2026-01-30,Field App,PA-A: TT 101 loop check started,Abbreviation,START,0
RPT-0196,2026-01-30,Field App,tt-101 loop check 50% complete at pump area a,Noisy,PROGRESS,50
RPT-0197,2026-01-30,DPR,tt-101 signal check 60% complete.,Incomplete,PROGRESS,60
RPT-0198,2026-01-29,Field App,Loop Check completed.,Ambiguous,FINISH,100
RPT-0199,2026-01-12,Voice Transcript,f-103 foundation digging 40% complete in Pump Area B.,Normal,PROGRESS,40
RPT-0200,2026-01-14,DPR,Civil update: excavate of F-103 finished at PA B.,Normal,FINISH,100
RPT-0201,2026-01-13,DPR,Pump Area B: f-103 foundation digging done,Abbreviation,FINISH,100
RPT-0202,2026-01-14,Supervisor Text,f-103 excavate finished at pa b,Noisy,FINISH,100
RPT-0203,2026-01-13,Voice Transcript,F 103 work completed.,Incomplete,FINISH,100
RPT-0204,2026-01-12,Supervisor Text,Foundation Digging completed.,Ambiguous,PROGRESS,90
RPT-0205,2026-01-19,Voice Transcript,Civil update: concreting of F103 done at Pump Area B.,Normal,FINISH,100
RPT-0206,2026-01-18,Supervisor Text,Civil update: concreting of F103 completed at PA B.,Normal,FINISH,100
RPT-0207,2026-01-19,Supervisor Text,pump B: F 103 pour concrete finished,Abbreviation,FINISH,100
RPT-0208,2026-01-16,Voice Transcript,pump b f-103 concreting work commenced,Noisy,START,0
RPT-0209,2026-01-18,Supervisor Text,F103 concreting completed.,Incomplete,FINISH,100
RPT-0210,2026-01-16,Supervisor Text,Pour Concrete completed.,Ambiguous,FINISH,100
RPT-0211,2026-01-24,Supervisor Text,Civil update: cure of F 103 50% complete at Pump Area B.,Normal,PROGRESS,50
RPT-0212,2026-01-24,DPR,Civil update: cure of F103 finished at Pump Area B.,Normal,FINISH,100
RPT-0213,2026-01-21,Field App,F103 curing done.,Abbreviation,FINISH,100
RPT-0214,2026-01-25,Supervisor Text,f 103 cure 40% complete at pump b,Noisy,PROGRESS,40
RPT-0215,2026-01-22,Voice Transcript,F 103 work completed.,Incomplete,FINISH,100
RPT-0216,2026-01-22,Supervisor Text,Curing completed.,Ambiguous,FINISH,100
RPT-0217,2026-01-28,Field App,Installation work for P103 50% complete at Pump Area B.,Normal,PROGRESS,50
RPT-0218,2026-01-29,DPR,p-103 erection commenced in Pump Area B.,Normal,START,0
RPT-0219,2026-01-29,Field App,P 103 installation finished.,Abbreviation,FINISH,100
RPT-0220,2026-01-27,Voice Transcript,p103 instalation 60% complete at pump area b,Noisy,PROGRESS,60
RPT-0221,2026-01-27,DPR,P 103 work completed.,Incomplete,FINISH,100
RPT-0222,2026-01-27,Supervisor Text,Equipment work finished.,Ambiguous,FINISH,100
RPT-0223,2026-01-31,Field App,Mechanical update: align of p-103 50% complete at PA B.,Normal,PROGRESS,50
RPT-0224,2026-01-31,Supervisor Text,Align work for P-103 done at Pump Area B.,Normal,FINISH,100
RPT-0225,2026-01-31,Supervisor Text,PA B: P103 alignment started,Abbreviation,START,0
RPT-0226,2026-01-31,Supervisor Text,p 103 align finished at pump area b,Noisy,FINISH,100
RPT-0227,2026-02-01,Field App,P-103 align 60% complete.,Incomplete,PROGRESS,60
RPT-0228,2026-02-01,Voice Transcript,Equipment work update: 50% complete.,Ambiguous,PROGRESS,50
RPT-0229,2026-02-03,Field App,Mechanical update: quality check of p-103 completed at PA B.,Normal,FINISH,100
RPT-0230,2026-02-03,Supervisor Text,Mechanical update: inspection of p-103 done at pump B.,Normal,FINISH,100
RPT-0231,2026-02-03,Supervisor Text,PA B: P 103 quality check started,Abbreviation,START,0
RPT-0232,2026-02-03,DPR,p-103 quality check completd at pa b,Noisy,FINISH,100
RPT-0233,2026-02-04,Field App,Inspection work completed.,Incomplete,FINISH,100
RPT-0234,2026-02-03,DPR,Checked completed.,Ambiguous,PROGRESS,50
RPT-0235,2026-02-06,DPR,p-103 motor connection commenced in PA-B.,Normal,START,0
RPT-0236,2026-02-07,Field App,Motor Power Hookup work for p-103 completed at PA B.,Normal,FINISH,100
RPT-0237,2026-02-06,Field App,pump B: P 103 power connected started,Abbreviation,START,0
RPT-0238,2026-02-07,DPR,pump area b p 103 power connected work finished,Noisy,FINISH,100
RPT-0239,2026-02-07,Field App,P-103 work done.,Incomplete,FINISH,100
RPT-0240,2026-02-07,Voice Transcript,Electrical work completed.,Ambiguous,FINISH,100
RPT-0241,2026-01-12,Voice Transcript,F104 excavation finished in PA-B.,Normal,FINISH,100
RPT-0242,2026-01-13,Supervisor Text,Civil update: foundation digging of F 104 commenced at PA B.,Normal,START,0
RPT-0243,2026-01-13,Supervisor Text,F-104 excavation finished @ PA B,Abbreviation,FINISH,100
RPT-0244,2026-01-14,DPR,f-104 excavation 75% complete at pump b,Noisy,PROGRESS,75
RPT-0245,2026-01-12,DPR,f-104 foundation digging 25% complete.,Incomplete,PROGRESS,25
RPT-0246,2026-01-14,Field App,Excavation completed.,Ambiguous,FINISH,100
RPT-0247,2026-01-18,Voice Transcript,Concrete Casting work for f-104 finished at Pump Area B.,Normal,FINISH,100
RPT-0248,2026-01-18,Supervisor Text,F 104 pour concrete finished in PA-B.,Normal,FINISH,100
RPT-0249,2026-01-18,Supervisor Text,F104 concreting 25% complete @ PA B,Abbreviation,PROGRESS,25
RPT-0250,2026-01-18,Supervisor Text,pa b f-104 pour concrete work 75% complete,Noisy,PROGRESS,75
RPT-0251,2026-01-16,Supervisor Text,Concreting work completed.,Incomplete,FINISH,100
RPT-0252,2026-01-19,Field App,Pour Concrete completed.,Ambiguous,START,0
RPT-0253,2026-01-25,Field App,Civil update: cure of F 104 completed at PA B.,Normal,FINISH,100
RPT-0254,2026-01-23,Voice Transcript,F104 cure completed in PA-B.,Normal,FINISH,100
RPT-0255,2026-01-24,Voice Transcript,F104 cure done.,Abbreviation,FINISH,100
RPT-0256,2026-01-21,Field App,f 104 curing 90% complete at pa b,Noisy,PROGRESS,90
RPT-0257,2026-01-24,Voice Transcript,F-104 curing completed.,Incomplete,FINISH,100
RPT-0258,2026-01-25,DPR,Foundation work update: done.,Ambiguous,FINISH,100
RPT-0259,2026-01-29,Voice Transcript,Mechanical update: mounted of P 104 commenced at PA B.,Normal,START,0
RPT-0260,2026-01-28,Field App,Erection work for P104 started at pump B.,Normal,START,0
RPT-0261,2026-01-28,Supervisor Text,P 104 install 75% complete.,Abbreviation,PROGRESS,75
RPT-0262,2026-01-28,Supervisor Text,pa-b p104 placed work 90% complete,Noisy,PROGRESS,90
RPT-0263,2026-01-27,DPR,Installation work done.,Incomplete,FINISH,100
RPT-0264,2026-01-29,DPR,Erection completed.,Ambiguous,FINISH,100
RPT-0265,2026-02-01,Supervisor Text,Align work for P 104 finished at PA-B.,Normal,FINISH,100
RPT-0266,2026-01-31,Field App,Mechanical update: alignment of P 104 done at Pump Area B.,Normal,FINISH,100
RPT-0267,2026-02-01,Voice Transcript,p-104 alignment commenced.,Abbreviation,START,0
RPT-0268,2026-02-01,DPR,pa-b p104 align work 50% complete,Noisy,PROGRESS,50
RPT-0269,2026-01-31,Field App,P-104 work commenced.,Incomplete,START,0
RPT-0270,2026-02-01,DPR,Equipment work update: finished.,Ambiguous,FINISH,100
RPT-0271,2026-02-04,Voice Transcript,Mechanical update: quality check of p-104 started at Pump Area B.,Normal,START,0
RPT-0272,2026-02-04,DPR,p-104 inspect 60% complete in PA B.,Normal,PROGRESS,60
RPT-0273,2026-02-03,DPR,Pump Area B: P-104 quality check 60% complete,Abbreviation,PROGRESS,60
RPT-0274,2026-02-03,Field App,pump b p-104 inspect work begun,Noisy,START,0
RPT-0275,2026-02-04,Voice Transcript,Quality Check work 75% complete.,Incomplete,PROGRESS,75
RPT-0276,2026-02-04,Field App,Equipment work update: completed.,Ambiguous,FINISH,100
RPT-0277,2026-02-07,Voice Transcript,P-104 power connected 25% complete in Pump Area B.,Normal,PROGRESS,25
RPT-0278,2026-02-06,DPR,p-104 motor connection 25% complete in PA B.,Normal,PROGRESS,25
RPT-0279,2026-02-06,DPR,p-104 motor connection completed @ Pump Area B,Abbreviation,FINISH,100
RPT-0280,2026-02-07,Field App,pa-b p-104 motor power hookup work completd,Noisy,FINISH,100
RPT-0281,2026-02-07,Supervisor Text,P-104 motor power hookup done.,Incomplete,FINISH,100
RPT-0282,2026-02-06,Field App,Power Connected completed.,Ambiguous,FINISH,100
RPT-0283,2026-01-24,Voice Transcript,Piping update: erection of sp-101 50% complete at Pump Area B.,Normal,PROGRESS,50
RPT-0284,2026-01-23,Field App,sp-101 installation 40% complete in pump B.,Normal,PROGRESS,40
RPT-0285,2026-01-22,Voice Transcript,SP101 erection 50% complete.,Abbreviation,PROGRESS,50
RPT-0286,2026-01-23,Field App,sp-101 placed commenced at pump b,Noisy,START,0
RPT-0287,2026-01-24,Field App,SP 101 mounted done.,Incomplete,FINISH,100
RPT-0288,2026-01-24,Field App,Spool work update: completed.,Ambiguous,FINISH,100
RPT-0289,2026-01-26,Voice Transcript,Fit-Up work for SP 101 completed at PA B.,Normal,FINISH,100
RPT-0290,2026-01-27,Voice Transcript,SP101 joint fitup commenced in pump B.,Normal,START,0
RPT-0291,2026-01-27,Voice Transcript,SP 101 fit up done.,Abbreviation,FINISH,100
RPT-0292,2026-01-27,DPR,pa b sp-101 joint fitup work done,Noisy,FINISH,100
RPT-0293,2026-01-27,Supervisor Text,SP101 work 25% complete.,Incomplete,PROGRESS,25
RPT-0294,2026-01-27,Supervisor Text,Spool work finished.,Ambiguous,FINISH,100
RPT-0295,2026-01-30,Field App,Piping update: joint welding of sp-101 completed at pump B.,Normal,FINISH,100
RPT-0296,2026-01-29,DPR,Weld work for sp-101 finished at PA-B.,Normal,FINISH,100
RPT-0297,2026-01-29,DPR,SP101 weld 50% complete.,Abbreviation,PROGRESS,50
RPT-0298,2026-01-31,Voice Transcript,pa b sp-101 weld work finished,Noisy,FINISH,100
RPT-0299,2026-01-30,Supervisor Text,sp-101 work finished.,Incomplete,FINISH,100
RPT-0300,2026-01-29,Field App,Spool work update: completed.,Ambiguous,FINISH,100
RPT-0301,2026-02-03,Voice Transcript,Weld Work work for SP 101 done at PA B.,Normal,FINISH,100
RPT-0302,2026-02-02,DPR,Weld Work work for SP101 finished at PA-B.,Normal,FINISH,100
RPT-0303,2026-02-02,DPR,sp-101 weld finished @ pump B,Abbreviation,FINISH,100
RPT-0304,2026-02-02,Field App,sp-101 weld finished at pa b,Noisy,FINISH,100
RPT-0305,2026-02-03,DPR,sp-101 work started.,Incomplete,START,0
RPT-0306,2026-02-03,DPR,Spool work finished.,Ambiguous,FINISH,100
RPT-0307,2026-02-05,DPR,Piping update: hydro testing of SP101 done at pump B.,Normal,FINISH,100
RPT-0308,2026-02-05,Supervisor Text,Hydrotest work for SP 101 done at Pump Area B.,Normal,FINISH,100
RPT-0309,2026-02-06,Voice Transcript,sp-101 hydrotest 60% complete.,Abbreviation,PROGRESS,60
RPT-0310,2026-02-05,Supervisor Text,pump b sp 101 testing work completd,Noisy,FINISH,100
RPT-0311,2026-02-06,Field App,SP-101 hydro testing 75% complete.,Incomplete,PROGRESS,75
RPT-0312,2026-02-06,Voice Transcript,Spool work 40% complete.,Ambiguous,PROGRESS,40
RPT-0313,2026-01-23,Voice Transcript,Installation work for SP 103 completed at Pump Area B.,Normal,FINISH,100
RPT-0314,2026-01-23,DPR,Install work for sp-103 60% complete at Pump Area B.,Normal,PROGRESS,60
RPT-0315,2026-01-23,Voice Transcript,pump B: SP 103 install 90% complete,Abbreviation,PROGRESS,90
RPT-0316,2026-01-22,Supervisor Text,sp103 mounted 75% complete at pa-b,Noisy,PROGRESS,75
RPT-0317,2026-01-23,Voice Transcript,Install work completed.,Incomplete,FINISH,100
RPT-0318,2026-01-24,Voice Transcript,Spool work update: completed.,Ambiguous,FINISH,100
RPT-0319,2026-01-26,Voice Transcript,sp-103 joint fitup 25% complete in Pump Area B.,Normal,PROGRESS,25
RPT-0320,2026-01-26,Supervisor Text,sp-103 joint preparation done in PA B.,Normal,FINISH,100
RPT-0321,2026-01-27,Supervisor Text,pump B: SP103 fit up completed,Abbreviation,FINISH,100
RPT-0322,2026-01-27,Voice Transcript,pa-b sp-103 fit up work 75% complete,Noisy,PROGRESS,75
RPT-0323,2026-01-26,Voice Transcript,Fit-Up work finished.,Incomplete,FINISH,100
RPT-0324,2026-01-27,Field App,Spool work 90% complete.,Ambiguous,PROGRESS,90
RPT-0325,2026-01-31,Voice Transcript,SP103 joint welding completed in pump B.,Normal,FINISH,100
RPT-0326,2026-01-31,DPR,Piping update: weld work of sp-103 60% complete at Pump Area B.,Normal,PROGRESS,60
RPT-0327,2026-01-29,Voice Transcript,SP103 welding finished.,Abbreviation,FINISH,100
RPT-0328,2026-01-30,Field App,sp 103 weld started at pump b,Noisy,START,0
RPT-0329,2026-01-31,Field App,Weld Work work done.,Incomplete,FINISH,100
RPT-0330,2026-01-29,DPR,Weld completed.,Ambiguous,FINISH,100
RPT-0331,2026-02-03,Field App,SP103 weld work 75% complete in PA B.,Normal,PROGRESS,75
RPT-0332,2026-02-03,Supervisor Text,Piping update: weld of SP 103 done at pump B.,Normal,FINISH,100
RPT-0333,2026-02-02,Field App,SP-103 weld done.,Abbreviation,FINISH,100
RPT-0334,2026-02-03,Field App,pa-b sp103 weldng work begun,Noisy,START,0
RPT-0335,2026-02-02,Field App,Joint Welding work 75% complete.,Incomplete,PROGRESS,75
RPT-0336,2026-02-02,Supervisor Text,Spool work finished.,Ambiguous,FINISH,100
RPT-0337,2026-02-06,Field App,SP-103 pressure test 90% complete in Pump Area B.,Normal,PROGRESS,90
RPT-0338,2026-02-06,DPR,SP 103 hydro testing finished in pump B.,Normal,FINISH,100
RPT-0339,2026-02-05,Field App,sp-103 hydro testing finished.,Abbreviation,FINISH,100
RPT-0340,2026-02-05,Voice Transcript,pa b sp103 hydrotest work completd,Noisy,FINISH,100
RPT-0341,2026-02-05,Field App,Testing work completed.,Incomplete,FINISH,100
RPT-0342,2026-02-05,Supervisor Text,Spool work update: done.,Ambiguous,FINISH,100
RPT-0343,2026-01-26,Voice Transcript,Electrical update: installation of ct-102 begun at PA-B.,Normal,START,0
RPT-0344,2026-01-24,DPR,Mounted work for ct-102 done at pump B.,Normal,FINISH,100
RPT-0345,2026-01-26,Supervisor Text,CT 102 erection 25% complete @ Pump Area B,Abbreviation,PROGRESS,25
RPT-0346,2026-01-26,DPR,ct-102 placed finished at pump b,Noisy,FINISH,100
RPT-0347,2026-01-25,DPR,CT 102 mounted finished.,Incomplete,FINISH,100
RPT-0348,2026-01-25,Supervisor Text,Install completed.,Ambiguous,PROGRESS,75
RPT-0349,2026-01-30,Supervisor Text,Cable Pulling work for CT-102 started at pump B.,Normal,START,0
RPT-0350,2026-01-28,DPR,Cables Routed work for ct-102 started at PA-B.,Normal,START,0
RPT-0351,2026-01-29,Supervisor Text,CT 102 pull cables 60% complete.,Abbreviation,PROGRESS,60
RPT-0352,2026-01-29,Field App,ct-102 pull cables 90% complete at pa-b,Noisy,PROGRESS,90
RPT-0353,2026-01-28,Voice Transcript,Cables Routed work 25% complete.,Incomplete,PROGRESS,25
RPT-0354,2026-01-30,DPR,Electrical work done.,Ambiguous,FINISH,100
RPT-0355,2026-02-01,DPR,CT 102 terminate cables done in PA B.,Normal,FINISH,100
RPT-0356,2026-02-01,Voice Transcript,CT 102 cables terminated 50% complete in Pump Area B.,Normal,PROGRESS,50
RPT-0357,2026-02-01,Voice Transcript,PA B: CT 102 terminate cables 50% complete,Abbreviation,PROGRESS,50
RPT-0358,2026-02-01,DPR,pump area b ct-102 cable termination work 75% complete,Noisy,PROGRESS,75
RPT-0359,2026-02-01,Field App,Terminate Cables work started.,Incomplete,START,0
RPT-0360,2026-02-02,Supervisor Text,Electrical work update: started.,Ambiguous,START,0
RPT-0361,2026-01-30,Voice Transcript,PT102 mounted finished in Pump Area B.,Normal,FINISH,100
RPT-0362,2026-01-30,Field App,PT-102 installation 75% complete in Pump Area B.,Normal,PROGRESS,75
RPT-0363,2026-01-31,DPR,pt-102 install 60% complete.,Abbreviation,PROGRESS,60
RPT-0364,2026-01-31,DPR,pt-102 mounted started at pa-b,Noisy,START,0
RPT-0365,2026-01-30,Voice Transcript,Erection work 10% complete.,Incomplete,PROGRESS,10
RPT-0366,2026-01-30,Field App,Instrument work update: 90% complete.,Ambiguous,PROGRESS,90
RPT-0367,2026-02-03,Field App,Instrumentation update: calibration of PT102 finished at PA-B.,Normal,FINISH,100
RPT-0368,2026-02-03,Supervisor Text,Instrumentation update: calibrate of PT-102 finished at PA-B.,Normal,FINISH,100
RPT-0369,2026-02-02,Field App,PT 102 calibrate begun.,Abbreviation,START,0
RPT-0370,2026-02-02,Voice Transcript,pt 102 calibrtn 60% complete at pump area b,Noisy,PROGRESS,60
RPT-0371,2026-02-02,Voice Transcript,PT-102 calibration done.,Incomplete,FINISH,100
RPT-0372,2026-02-03,Voice Transcript,Instrument work 10% complete.,Ambiguous,PROGRESS,10
RPT-0373,2026-02-05,DPR,Instrumentation update: loop check of PT102 completed at pump B.,Normal,FINISH,100
RPT-0374,2026-02-06,Voice Transcript,PT-102 signal check finished in Pump Area B.,Normal,FINISH,100
RPT-0375,2026-02-05,Field App,PA B: PT102 loop check 10% complete,Abbreviation,PROGRESS,10
RPT-0376,2026-02-06,Voice Transcript,pt102 signal check commenced at pa b,Noisy,START,0
RPT-0377,2026-02-06,DPR,PT102 loop check 90% complete.,Incomplete,PROGRESS,90
RPT-0378,2026-02-05,DPR,Instrument work update: finished.,Ambiguous,FINISH,100
RPT-0379,2026-01-31,Field App,TT102 installation done in Pump Area B.,Normal,FINISH,100
RPT-0380,2026-01-31,DPR,TT 102 install done in Pump Area B.,Normal,FINISH,100
RPT-0381,2026-01-30,Voice Transcript,pump B: TT-102 mounted finished,Abbreviation,FINISH,100
RPT-0382,2026-01-30,Field App,tt102 instalation begun at pa b,Noisy,START,0
RPT-0383,2026-01-31,Supervisor Text,TT-102 installation 10% complete.,Incomplete,PROGRESS,10
RPT-0384,2026-01-31,Field App,Instrument work update: finished.,Ambiguous,FINISH,100
RPT-0385,2026-02-03,DPR,Instrumentation update: calibration of tt-102 completed at PA B.,Normal,FINISH,100
RPT-0386,2026-02-03,DPR,Calibrate work for TT-102 finished at PA-B.,Normal,FINISH,100
RPT-0387,2026-02-03,DPR,TT 102 calibration started.,Abbreviation,START,0
RPT-0388,2026-02-03,Field App,pa b tt 102 calibrate work done,Noisy,FINISH,100
RPT-0389,2026-02-02,Field App,Calibrate work 60% complete.,Incomplete,PROGRESS,60
RPT-0390,2026-02-03,DPR,Calibrate completed.,Ambiguous,FINISH,100
RPT-0391,2026-02-06,DPR,Signal Check work for TT102 completed at pump B.,Normal,FINISH,100
RPT-0392,2026-02-05,DPR,TT102 loop testing done in pump B.,Normal,FINISH,100
RPT-0393,2026-02-06,Field App,tt-102 loop testing finished @ Pump Area B,Abbreviation,FINISH,100
RPT-0394,2026-02-06,Voice Transcript,pa b tt 102 signal check work finished,Noisy,FINISH,100
RPT-0395,2026-02-05,DPR,TT-102 loop check finished.,Incomplete,FINISH,100
RPT-0396,2026-02-06,Field App,Instrument work update: completed.,Ambiguous,FINISH,100
RPT-0397,2026-01-21,Supervisor Text,Excavate work for f-201 completed at PR-C.,Normal,FINISH,100
RPT-0398,2026-01-19,Field App,Excavation work for F-201 75% complete at Process Area C.,Normal,PROGRESS,75
RPT-0399,2026-01-20,Field App,Process C: f-201 excavate commenced,Abbreviation,START,0
RPT-0400,2026-01-19,Voice Transcript,f-201 foundtn digging finished at pr-c,Noisy,FINISH,100
RPT-0401,2026-01-19,Field App,F201 excavate completed.,Incomplete,FINISH,100
RPT-0402,2026-01-19,DPR,Foundation Digging completed.,Ambiguous,PROGRESS,40
RPT-0403,2026-01-25,DPR,Pour Concrete work for F201 started at Process C.,Normal,START,0
RPT-0404,2026-01-26,Voice Transcript,f-201 concrete casting finished in Process Area C.,Normal,FINISH,100
RPT-0405,2026-01-25,Supervisor Text,f-201 concreting completed @ Process Area C,Abbreviation,FINISH,100
RPT-0406,2026-01-26,Voice Transcript,process area c f201 concrete casting work finished,Noisy,FINISH,100
RPT-0407,2026-01-24,Voice Transcript,Cast work begun.,Incomplete,START,0
RPT-0408,2026-01-25,Voice Transcript,Foundation work update: done.,Ambiguous,FINISH,100
RPT-0409,2026-01-29,DPR,f-201 curing done in PR-C.,Normal,FINISH,100
RPT-0410,2026-02-01,Supervisor Text,F201 curing completed in Process Area C.,Normal,FINISH,100
RPT-0411,2026-01-29,Supervisor Text,F201 cure 25% complete.,Abbreviation,PROGRESS,25
RPT-0412,2026-01-29,Field App,f-201 curing done at process area c,Noisy,FINISH,100
RPT-0413,2026-01-30,Field App,F 201 work 90% complete.,Incomplete,PROGRESS,90
RPT-0414,2026-01-31,DPR,Foundation work 25% complete.,Ambiguous,PROGRESS,25
RPT-0415,2026-02-04,DPR,Mechanical update: installation of P201 completed at Process C.,Normal,FINISH,100
RPT-0416,2026-02-04,DPR,Erection work for P201 finished at Process Area C.,Normal,FINISH,100
RPT-0417,2026-02-04,Voice Transcript,P201 placed done @ Process Area C,Abbreviation,FINISH,100
RPT-0418,2026-02-05,Voice Transcript,p 201 instalation 40% complete at pr-c,Noisy,PROGRESS,40
RPT-0419,2026-02-05,Supervisor Text,P 201 work 50% complete.,Incomplete,PROGRESS,50
RPT-0420,2026-02-04,Field App,Equipment work update: finished.,Ambiguous,FINISH,100
RPT-0421,2026-02-07,Supervisor Text,Alignment work for P-201 finished at Process C.,Normal,FINISH,100
RPT-0422,2026-02-08,DPR,Align work for P201 begun at Process C.,Normal,START,0
RPT-0423,2026-02-08,Voice Transcript,P 201 align finished.,Abbreviation,FINISH,100
RPT-0424,2026-02-07,DPR,process area c p201 align work done,Noisy,FINISH,100
RPT-0425,2026-02-08,Voice Transcript,Alignment work completed.,Incomplete,FINISH,100
RPT-0426,2026-02-07,Field App,Equipment work update: finished.,Ambiguous,FINISH,100
RPT-0427,2026-02-10,DPR,P-201 inspect done in PR-C.,Normal,FINISH,100
RPT-0428,2026-02-11,Voice Transcript,Inspect work for p-201 finished at Process Area C.,Normal,FINISH,100
RPT-0429,2026-02-10,DPR,P201 quality check 50% complete @ Process C,Abbreviation,PROGRESS,50
RPT-0430,2026-02-11,Field App,pr-c p201 checked work finished,Noisy,FINISH,100
RPT-0431,2026-02-11,DPR,p-201 quality check completed.,Incomplete,FINISH,100
RPT-0432,2026-02-10,Field App,Equipment work completed.,Ambiguous,FINISH,100
RPT-0433,2026-02-14,Voice Transcript,P 201 power connected completed in Process Area C.,Normal,FINISH,100
RPT-0434,2026-02-13,Supervisor Text,P 201 motor power hookup finished in Process Area C.,Normal,FINISH,100
RPT-0435,2026-02-14,Voice Transcript,Process Area C: P 201 power connected started,Abbreviation,START,0
RPT-0436,2026-02-13,Supervisor Text,p 201 motor connection completd at process c,Noisy,FINISH,100
RPT-0437,2026-02-14,Voice Transcript,Motor Connection work 50% complete.,Incomplete,PROGRESS,50
RPT-0438,2026-02-13,Field App,Motor Connection completed.,Ambiguous,PROGRESS,25
RPT-0439,2026-01-29,DPR,Installation work for sp-201 completed at Process Area C.,Normal,FINISH,100
RPT-0440,2026-01-30,DPR,sp-201 installation finished in Process Area C.,Normal,FINISH,100
RPT-0441,2026-01-30,DPR,sp-201 erection done.,Abbreviation,FINISH,100
RPT-0442,2026-01-29,DPR,sp-201 mounted 60% complete at process area c,Noisy,PROGRESS,60
RPT-0443,2026-01-30,Voice Transcript,Placed work begun.,Incomplete,START,0
RPT-0444,2026-01-30,Field App,Installation completed.,Ambiguous,PROGRESS,60
RPT-0445,2026-02-02,DPR,sp-201 joint preparation 75% complete in Process Area C.,Normal,PROGRESS,75
RPT-0446,2026-02-03,Supervisor Text,SP 201 fit up 40% complete in Process Area C.,Normal,PROGRESS,40
RPT-0447,2026-02-03,Supervisor Text,Process Area C: SP-201 joint fitup 90% complete,Abbreviation,PROGRESS,90
RPT-0448,2026-02-02,Voice Transcript,process c sp-201 fit-up work completd,Noisy,FINISH,100
RPT-0449,2026-02-03,Voice Transcript,SP 201 joint fitup 90% complete.,Incomplete,PROGRESS,90
RPT-0450,2026-02-02,DPR,Spool work completed.,Ambiguous,FINISH,100
RPT-0451,2026-02-06,Voice Transcript,SP 201 welding done in Process C.,Normal,FINISH,100
RPT-0452,2026-02-07,Voice Transcript,SP-201 weld work 10% complete in Process Area C.,Normal,PROGRESS,10
RPT-0453,2026-02-06,DPR,sp-201 weld work done @ Process C,Abbreviation,FINISH,100
RPT-0454,2026-02-05,Field App,sp-201 weldng finished at process area c,Noisy,FINISH,100
RPT-0455,2026-02-05,Voice Transcript,sp-201 work 40% complete.,Incomplete,PROGRESS,40
RPT-0456,2026-02-07,Supervisor Text,Weld completed.,Ambiguous,START,0
RPT-0457,2026-02-10,Supervisor Text,SP 201 joint welding 75% complete in PR-C.,Normal,PROGRESS,75
RPT-0458,2026-02-09,Supervisor Text,Joint Welding work for SP 201 finished at Process C.,Normal,FINISH,100
RPT-0459,2026-02-09,Supervisor Text,PR-C: SP 201 weld 60% complete,Abbreviation,PROGRESS,60
RPT-0460,2026-02-09,Field App,pr-c sp 201 weld work work commenced,Noisy,START,0
RPT-0461,2026-02-09,DPR,Joint Welding work finished.,Incomplete,FINISH,100
RPT-0462,2026-02-09,Field App,Joint Welding completed.,Ambiguous,PROGRESS,40
RPT-0463,2026-02-13,Field App,SP201 testing finished in Process C.,Normal,FINISH,100
RPT-0464,2026-02-12,Supervisor Text,SP201 hydrotest 60% complete in PR-C.,Normal,PROGRESS,60
RPT-0465,2026-02-12,Field App,SP201 hydro testing 60% complete.,Abbreviation,PROGRESS,60
RPT-0466,2026-02-13,Voice Transcript,pr-c sp 201 hydro testing work done,Noisy,FINISH,100
RPT-0467,2026-02-12,Voice Transcript,sp-201 hydrotest begun.,Incomplete,START,0
RPT-0468,2026-02-13,Voice Transcript,Spool work completed.,Ambiguous,FINISH,100
RPT-0469,2026-01-29,Voice Transcript,Erection work for sp-202 commenced at Process Area C.,Normal,START,0
RPT-0470,2026-01-30,Field App,SP202 install completed in PR-C.,Normal,FINISH,100
RPT-0471,2026-01-31,Voice Transcript,SP202 install 25% complete @ PR-C,Abbreviation,PROGRESS,25
RPT-0472,2026-01-29,Field App,sp-202 mounted 50% complete at pr-c,Noisy,PROGRESS,50
RPT-0473,2026-01-31,DPR,SP 202 installation 10% complete.,Incomplete,PROGRESS,10
RPT-0474,2026-01-29,DPR,Erection completed.,Ambiguous,PROGRESS,25
RPT-0475,2026-02-03,Voice Transcript,SP 202 fit-up completed in Process Area C.,Normal,FINISH,100
RPT-0476,2026-02-03,Supervisor Text,SP 202 joint fitup 60% complete in PR-C.,Normal,PROGRESS,60
RPT-0477,2026-02-02,Field App,sp-202 joint fitup 25% complete @ Process Area C,Abbreviation,PROGRESS,25
RPT-0478,2026-02-03,Supervisor Text,sp202 fit up 60% complete at process area c,Noisy,PROGRESS,60
RPT-0479,2026-02-02,DPR,SP-202 work 60% complete.,Incomplete,PROGRESS,60
RPT-0480,2026-02-03,Voice Transcript,Spool work done.,Ambiguous,FINISH,100
RPT-0481,2026-02-05,Supervisor Text,Piping update: joint welding of SP-202 25% complete at PR-C.,Normal,PROGRESS,25
RPT-0482,2026-02-07,DPR,Piping update: weld of SP202 75% complete at PR-C.,Normal,PROGRESS,75
RPT-0483,2026-02-06,Field App,SP-202 welding finished @ PR-C,Abbreviation,FINISH,100
RPT-0484,2026-02-05,Voice Transcript,pr-c sp-202 weldng work completd,Noisy,FINISH,100
RPT-0485,2026-02-07,Voice Transcript,SP-202 work completed.,Incomplete,FINISH,100
RPT-0486,2026-02-05,Supervisor Text,Spool work update: finished.,Ambiguous,FINISH,100
RPT-0487,2026-02-09,Field App,Joint Welding work for SP 202 50% complete at PR-C.,Normal,PROGRESS,50
RPT-0488,2026-02-09,DPR,Piping update: weld work of SP 202 begun at PR-C.,Normal,START,0
RPT-0489,2026-02-09,Supervisor Text,SP-202 welding commenced.,Abbreviation,START,0
RPT-0490,2026-02-10,Supervisor Text,sp-202 weld work finished at process c,Noisy,FINISH,100
RPT-0491,2026-02-10,Voice Transcript,Joint Welding work done.,Incomplete,FINISH,100
RPT-0492,2026-02-09,Field App,Spool work update: 90% complete.,Ambiguous,PROGRESS,90
RPT-0493,2026-02-13,Supervisor Text,Piping update: testing of sp-202 completed at Process C.,Normal,FINISH,100
RPT-0494,2026-02-13,Voice Transcript,Testing work for SP202 90% complete at PR-C.,Normal,PROGRESS,90
RPT-0495,2026-02-12,Supervisor Text,SP 202 hydro testing completed.,Abbreviation,FINISH,100
RPT-0496,2026-02-13,Field App,pr-c sp-202 pressure test work done,Noisy,FINISH,100
RPT-0497,2026-02-13,Voice Transcript,SP-202 work 60% complete.,Incomplete,PROGRESS,60
RPT-0498,2026-02-13,DPR,Hydro Testing completed.,Ambiguous,START,0
RPT-0499,2026-02-01,Voice Transcript,ct-201 installation completed in PR-C.,Normal,FINISH,100
RPT-0500,2026-02-02,DPR,ct-201 erection completed in PR-C.,Normal,FINISH,100
RPT-0501,2026-01-31,Supervisor Text,ct-201 placed finished @ Process Area C,Abbreviation,FINISH,100
RPT-0502,2026-01-31,Field App,process c ct201 mounted work begun,Noisy,START,0
RPT-0503,2026-02-01,DPR,ct-201 work 40% complete.,Incomplete,PROGRESS,40
RPT-0504,2026-02-01,Supervisor Text,Electrical work update: done.,Ambiguous,FINISH,100
RPT-0505,2026-02-06,Voice Transcript,Electrical update: cable pulling of CT201 10% complete at PR-C.,Normal,PROGRESS,10
RPT-0506,2026-02-05,Field App,Cable Pulling work for CT201 done at Process Area C.,Normal,FINISH,100
RPT-0507,2026-02-06,DPR,ct-201 cables routed 10% complete.,Abbreviation,PROGRESS,10
RPT-0508,2026-02-05,DPR,ct-201 cables routed 50% complete at process c,Noisy,PROGRESS,50
RPT-0509,2026-02-06,Field App,Pull Cables work finished.,Incomplete,FINISH,100
RPT-0510,2026-02-06,Supervisor Text,Electrical work update: 25% complete.,Ambiguous,PROGRESS,25
RPT-0511,2026-02-09,Voice Transcript,Cables Terminated work for ct-201 finished at PR-C.,Normal,FINISH,100
RPT-0512,2026-02-09,Supervisor Text,CT 201 cable termination started in PR-C.,Normal,START,0
RPT-0513,2026-02-09,Supervisor Text,CT201 cable termination 60% complete.,Abbreviation,PROGRESS,60
RPT-0514,2026-02-08,Supervisor Text,process c ct201 cables terminated work started,Noisy,START,0
RPT-0515,2026-02-09,Voice Transcript,ct-201 work 60% complete.,Incomplete,PROGRESS,60
RPT-0516,2026-02-08,DPR,Electrical work 60% complete.,Ambiguous,PROGRESS,60
RPT-0517,2026-02-07,Field App,Erection work for PT201 completed at PR-C.,Normal,FINISH,100
RPT-0518,2026-02-06,Voice Transcript,Instrumentation update: install of PT 201 10% complete at PR-C.,Normal,PROGRESS,10
RPT-0519,2026-02-07,Supervisor Text,Process C: PT 201 install done,Abbreviation,FINISH,100
RPT-0520,2026-02-06,Supervisor Text,process area c pt-201 erction work started,Noisy,START,0
RPT-0521,2026-02-07,Field App,Installation work 60% complete.,Incomplete,PROGRESS,60
RPT-0522,2026-02-06,Voice Transcript,Instrument work update: commenced.,Ambiguous,START,0
RPT-0523,2026-02-10,DPR,Calibration work for PT 201 completed at Process C.,Normal,FINISH,100
RPT-0524,2026-02-09,Supervisor Text,Instrumentation update: calibrate of PT201 done at Process Area C.,Normal,FINISH,100
RPT-0525,2026-02-09,DPR,PT 201 calibration finished @ Process Area C,Abbreviation,FINISH,100
RPT-0526,2026-02-10,Field App,pt-201 calibrtn 25% complete at process c,Noisy,PROGRESS,25
RPT-0527,2026-02-10,DPR,PT 201 calibration begun.,Incomplete,START,0
RPT-0528,2026-02-09,DPR,Instrument work update: finished.,Ambiguous,FINISH,100
RPT-0529,2026-02-13,DPR,pt-201 signal check 40% complete in Process Area C.,Normal,PROGRESS,40
RPT-0530,2026-02-12,Supervisor Text,PT 201 loop testing begun in Process C.,Normal,START,0
RPT-0531,2026-02-12,DPR,PT201 loop testing started @ PR-C,Abbreviation,START,0
RPT-0532,2026-02-12,Voice Transcript,pt201 signal check 25% complete at process c,Noisy,PROGRESS,25
RPT-0533,2026-02-13,DPR,PT201 work 10% complete.,Incomplete,PROGRESS,10
RPT-0534,2026-02-12,Supervisor Text,Instrument work finished.,Ambiguous,FINISH,100
RPT-0535,2026-02-06,Voice Transcript,ft-201 mounted done in Process C.,Normal,FINISH,100
RPT-0536,2026-02-06,DPR,Placed work for FT-201 60% complete at Process C.,Normal,PROGRESS,60
RPT-0537,2026-02-07,Voice Transcript,FT-201 erection finished @ PR-C,Abbreviation,FINISH,100
RPT-0538,2026-02-06,Voice Transcript,ft-201 instalation finished at pr-c,Noisy,FINISH,100
RPT-0539,2026-02-07,DPR,Installation work 90% complete.,Incomplete,PROGRESS,90
RPT-0540,2026-02-07,DPR,Instrument work 60% complete.,Ambiguous,PROGRESS,60
RPT-0541,2026-02-09,Field App,Instrumentation update: calibration of FT 201 finished at Process Area C.,Normal,FINISH,100
RPT-0542,2026-02-09,Voice Transcript,Instrumentation update: calibrate of FT 201 completed at Process Area C.,Normal,FINISH,100
RPT-0543,2026-02-09,Field App,Process C: FT 201 calibrate 10% complete,Abbreviation,PROGRESS,10
RPT-0544,2026-02-09,Supervisor Text,ft 201 calibrate 50% complete at pr-c,Noisy,PROGRESS,50
RPT-0545,2026-02-10,Field App,Calibration work 25% complete.,Incomplete,PROGRESS,25
RPT-0546,2026-02-10,Field App,Instrument work 40% complete.,Ambiguous,PROGRESS,40
RPT-0547,2026-02-13,Voice Transcript,Signal Check work for ft-201 75% complete at PR-C.,Normal,PROGRESS,75
RPT-0548,2026-02-12,DPR,Signal Check work for FT 201 finished at PR-C.,Normal,FINISH,100
RPT-0549,2026-02-12,DPR,Process C: FT201 loop check 90% complete,Abbreviation,PROGRESS,90
RPT-0550,2026-02-12,Supervisor Text,ft-201 loop testing begun at process c,Noisy,START,0
RPT-0551,2026-02-12,Supervisor Text,Loop Check work done.,Incomplete,FINISH,100
RPT-0552,2026-02-12,Field App,Instrument work finished.,Ambiguous,FINISH,100
RPT-0553,2026-01-28,Field App,Civil update: excavate of f-301 25% complete at Utility Area.,Normal,PROGRESS,25
RPT-0554,2026-01-26,DPR,F 301 excavate 50% complete in Utility Area.,Normal,PROGRESS,50
RPT-0555,2026-01-27,Voice Transcript,F301 foundation digging completed.,Abbreviation,FINISH,100
RPT-0556,2026-01-26,Supervisor Text,utility area f-301 excavate work finished,Noisy,FINISH,100
RPT-0557,2026-01-27,DPR,Foundation Digging work 40% complete.,Incomplete,PROGRESS,40
RPT-0558,2026-01-27,Voice Transcript,Foundation Digging completed.,Ambiguous,FINISH,100
RPT-0559,2026-01-31,Field App,F-301 concrete casting 60% complete in Utilities.,Normal,PROGRESS,60
RPT-0560,2026-02-01,DPR,Concrete Casting work for F 301 completed at Utility Area.,Normal,FINISH,100
RPT-0561,2026-02-02,Voice Transcript,Utilities: F 301 cast 50% complete,Abbreviation,PROGRESS,50
RPT-0562,2026-01-30,Field App,f301 pour concrete completd at utilities,Noisy,FINISH,100
RPT-0563,2026-01-31,DPR,F301 work 25% complete.,Incomplete,PROGRESS,25
RPT-0564,2026-01-30,Supervisor Text,Foundation work update: finished.,Ambiguous,FINISH,100
RPT-0565,2026-02-05,Voice Transcript,Curing work for F301 begun at UT-A.,Normal,START,0
RPT-0566,2026-02-06,Voice Transcript,Curing work for F301 90% complete at Utilities.,Normal,PROGRESS,90
RPT-0567,2026-02-04,DPR,F301 curing 10% complete @ UT-A,Abbreviation,PROGRESS,10
RPT-0568,2026-02-08,DPR,utility area f-301 cure work completd,Noisy,FINISH,100
RPT-0569,2026-02-08,DPR,F-301 curing commenced.,Incomplete,START,0
RPT-0570,2026-02-08,Voice Transcript,Foundation work begun.,Ambiguous,START,0
RPT-0571,2026-02-12,DPR,Mechanical update: erection of p-301 finished at UT-A.,Normal,FINISH,100
RPT-0572,2026-02-12,Voice Transcript,P 301 installation completed in UT-A.,Normal,FINISH,100
RPT-0573,2026-02-10,DPR,P-301 install finished.,Abbreviation,FINISH,100
RPT-0574,2026-02-10,Field App,utilities p301 erction work done,Noisy,FINISH,100
RPT-0575,2026-02-11,Supervisor Text,P 301 work done.,Incomplete,FINISH,100
RPT-0576,2026-02-11,Field App,Equipment work update: commenced.,Ambiguous,START,0
RPT-0577,2026-02-15,Field App,p-301 alignment finished in UT-A.,Normal,FINISH,100
RPT-0578,2026-02-14,DPR,Mechanical update: align of P-301 begun at Utilities.,Normal,START,0
RPT-0579,2026-02-14,DPR,UT-A: p-301 align completed,Abbreviation,FINISH,100
RPT-0580,2026-02-14,Supervisor Text,utility area p-301 align work 50% complete,Noisy,PROGRESS,50
RPT-0581,2026-02-15,DPR,P-301 work done.,Incomplete,FINISH,100
RPT-0582,2026-02-14,Supervisor Text,Equipment work begun.,Ambiguous,START,0
RPT-0583,2026-02-18,Field App,Inspection work for P301 finished at Utilities.,Normal,FINISH,100
RPT-0584,2026-02-18,Voice Transcript,P-301 quality check 25% complete in UT-A.,Normal,PROGRESS,25
RPT-0585,2026-02-18,Supervisor Text,P-301 inspect 60% complete @ Utilities,Abbreviation,PROGRESS,60
RPT-0586,2026-02-17,Supervisor Text,utility area p 301 inspec work done,Noisy,FINISH,100
RPT-0587,2026-02-18,DPR,Inspect work finished.,Incomplete,FINISH,100
RPT-0588,2026-02-18,Field App,Quality Check completed.,Ambiguous,PROGRESS,40
RPT-0589,2026-02-20,Voice Transcript,Electrical update: power connected of p-301 90% complete at Utilities.,Normal,PROGRESS,90
RPT-0590,2026-02-20,Supervisor Text,Electrical update: motor power hookup of P-301 completed at UT-A.,Normal,FINISH,100
RPT-0591,2026-02-21,Field App,P 301 motor power hookup completed.,Abbreviation,FINISH,100
RPT-0592,2026-02-20,Voice Transcript,p-301 motor power hookup done at utilities,Noisy,FINISH,100
RPT-0593,2026-02-20,Voice Transcript,P301 work completed.,Incomplete,FINISH,100
RPT-0594,2026-02-20,Field App,Electrical work 25% complete.,Ambiguous,PROGRESS,25
RPT-0595,2026-02-07,Voice Transcript,Install work for SP301 40% complete at Utility Area.,Normal,PROGRESS,40
RPT-0596,2026-02-06,Voice Transcript,Piping update: erection of SP-301 90% complete at UT-A.,Normal,PROGRESS,90
RPT-0597,2026-02-06,Field App,UT-A: SP 301 installation commenced,Abbreviation,START,0
RPT-0598,2026-02-07,DPR,utilities sp-301 mounted work 25% complete,Noisy,PROGRESS,25
RPT-0599,2026-02-07,Voice Transcript,sp-301 installation done.,Incomplete,FINISH,100
RPT-0600,2026-02-05,Supervisor Text,Spool work update: done.,Ambiguous,FINISH,100
RPT-0601,2026-02-10,Supervisor Text,SP 301 fit up completed in Utility Area.,Normal,FINISH,100
RPT-0602,2026-02-10,Supervisor Text,Piping update: joint fitup of sp-301 done at UT-A.,Normal,FINISH,100
RPT-0603,2026-02-09,DPR,SP 301 joint fitup commenced @ UT-A,Abbreviation,START,0
RPT-0604,2026-02-09,Field App,utilities sp301 joint preparation work 90% complete,Noisy,PROGRESS,90
RPT-0605,2026-02-10,Voice Transcript,SP301 fit-up 75% complete.,Incomplete,PROGRESS,75
RPT-0606,2026-02-09,Voice Transcript,Spool work update: done.,Ambiguous,FINISH,100
RPT-0607,2026-02-14,DPR,SP301 welding done in Utility Area.,Normal,FINISH,100
RPT-0608,2026-02-14,Supervisor Text,Piping update: weld work of SP 301 done at UT-A.,Normal,FINISH,100
RPT-0609,2026-02-12,Field App,sp-301 weld work finished.,Abbreviation,FINISH,100
RPT-0610,2026-02-14,Voice Transcript,ut-a sp 301 weld work work commenced,Noisy,START,0
RPT-0611,2026-02-12,Field App,sp-301 work begun.,Incomplete,START,0
RPT-0612,2026-02-12,Field App,Spool work 40% complete.,Ambiguous,PROGRESS,40
RPT-0613,2026-02-17,Supervisor Text,SP 301 weld work finished in UT-A.,Normal,FINISH,100
RPT-0614,2026-02-16,DPR,Joint Welding work for SP 301 begun at Utilities.,Normal,START,0
RPT-0615,2026-02-16,Field App,SP301 weld work finished.,Abbreviation,FINISH,100
RPT-0616,2026-02-16,Voice Transcript,sp-301 weld done at utility area,Noisy,FINISH,100
RPT-0617,2026-02-16,Voice Transcript,SP-301 weld work finished.,Incomplete,FINISH,100
RPT-0618,2026-02-16,Field App,Spool work update: done.,Ambiguous,FINISH,100
RPT-0619,2026-02-20,Voice Transcript,SP301 hydrotest finished in Utility Area.,Normal,FINISH,100
RPT-0620,2026-02-19,Voice Transcript,Piping update: testing of SP 301 completed at Utilities.,Normal,FINISH,100
RPT-0621,2026-02-20,Field App,Utilities: sp-301 hydro testing 75% complete,Abbreviation,PROGRESS,75
RPT-0622,2026-02-19,Supervisor Text,ut-a sp 301 testing work 50% complete,Noisy,PROGRESS,50
RPT-0623,2026-02-19,Voice Transcript,SP301 work done.,Incomplete,FINISH,100
RPT-0624,2026-02-19,DPR,Hydrotest completed.,Ambiguous,START,0
RPT-0625,2026-02-05,Field App,SP302 placed done in UT-A.,Normal,FINISH,100
RPT-0626,2026-02-05,Voice Transcript,sp-302 installation 75% complete in UT-A.,Normal,PROGRESS,75
RPT-0627,2026-02-06,Field App,UT-A: SP 302 placed 60% complete,Abbreviation,PROGRESS,60
RPT-0628,2026-02-07,Voice Transcript,utility area sp302 erction work started,Noisy,START,0
RPT-0629,2026-02-05,DPR,sp-302 erection completed.,Incomplete,FINISH,100
RPT-0630,2026-02-06,DPR,Spool work update: completed.,Ambiguous,FINISH,100
RPT-0631,2026-02-10,Supervisor Text,SP302 joint preparation completed in Utility Area.,Normal,FINISH,100
RPT-0632,2026-02-09,Field App,SP 302 fit-up 50% complete in UT-A.,Normal,PROGRESS,50
RPT-0633,2026-02-10,Voice Transcript,sp-302 joint preparation completed @ Utility Area,Abbreviation,FINISH,100
RPT-0634,2026-02-09,Field App,sp302 joint preparation 10% complete at ut-a,Noisy,PROGRESS,10
RPT-0635,2026-02-10,Supervisor Text,Joint Fitup work done.,Incomplete,FINISH,100
RPT-0636,2026-02-10,Field App,Fit-Up completed.,Ambiguous,FINISH,100
RPT-0637,2026-02-14,Voice Transcript,Welding work for SP-302 completed at Utilities.,Normal,FINISH,100
RPT-0638,2026-02-12,DPR,Weld work for SP302 done at UT-A.,Normal,FINISH,100
RPT-0639,2026-02-12,Field App,Utilities: sp-302 welding 75% complete,Abbreviation,PROGRESS,75
RPT-0640,2026-02-12,Supervisor Text,sp-302 weld work finished at utilities,Noisy,FINISH,100
RPT-0641,2026-02-13,Supervisor Text,SP-302 joint welding 75% complete.,Incomplete,PROGRESS,75
RPT-0642,2026-02-14,Field App,Joint Welding completed.,Ambiguous,PROGRESS,50
RPT-0643,2026-02-17,Field App,SP-302 joint welding finished in UT-A.,Normal,FINISH,100
RPT-0644,2026-02-16,DPR,SP 302 joint welding 60% complete in UT-A.,Normal,PROGRESS,60
RPT-0645,2026-02-17,DPR,UT-A: sp-302 weld work finished,Abbreviation,FINISH,100
RPT-0646,2026-02-17,Field App,sp-302 weldng 60% complete at utilities,Noisy,PROGRESS,60
RPT-0647,2026-02-17,Field App,SP-302 work completed.,Incomplete,FINISH,100
RPT-0648,2026-02-16,DPR,Spool work 40% complete.,Ambiguous,PROGRESS,40
RPT-0649,2026-02-20,Field App,Hydrotest work for SP302 completed at Utility Area.,Normal,FINISH,100
RPT-0650,2026-02-20,DPR,Piping update: testing of sp-302 finished at Utilities.,Normal,FINISH,100
RPT-0651,2026-02-19,Voice Transcript,Utility Area: SP-302 pressure test finished,Abbreviation,FINISH,100
RPT-0652,2026-02-19,Supervisor Text,utilities sp 302 testing work 10% complete,Noisy,PROGRESS,10
RPT-0653,2026-02-19,DPR,SP-302 work completed.,Incomplete,FINISH,100
RPT-0654,2026-02-19,Field App,Spool work update: 60% complete.,Ambiguous,PROGRESS,60
RPT-0655,2026-02-09,Supervisor Text,Electrical update: install of ct-301 60% complete at Utilities.,Normal,PROGRESS,60
RPT-0656,2026-02-09,Voice Transcript,Installation work for ct-301 75% complete at Utility Area.,Normal,PROGRESS,75
RPT-0657,2026-02-08,Supervisor Text,Utilities: CT301 placed done,Abbreviation,FINISH,100
RPT-0658,2026-02-09,Field App,ct-301 erction 50% complete at utilities,Noisy,PROGRESS,50
RPT-0659,2026-02-07,DPR,Mounted work done.,Incomplete,FINISH,100
RPT-0660,2026-02-08,Field App,Electrical work begun.,Ambiguous,START,0
RPT-0661,2026-02-13,Field App,Electrical update: cables routed of CT 301 done at Utility Area.,Normal,FINISH,100
RPT-0662,2026-02-12,Field App,ct-301 cable pulling completed in UT-A.,Normal,FINISH,100
RPT-0663,2026-02-11,DPR,CT 301 cables routed done.,Abbreviation,FINISH,100
RPT-0664,2026-02-13,Supervisor Text,ct-301 pull cables 90% complete at utility area,Noisy,PROGRESS,90
RPT-0665,2026-02-12,Voice Transcript,Cable Pulling work done.,Incomplete,FINISH,100
RPT-0666,2026-02-11,Voice Transcript,Electrical work update: commenced.,Ambiguous,START,0
RPT-0667,2026-02-16,Field App,Cables Terminated work for CT-301 finished at UT-A.,Normal,FINISH,100
RPT-0668,2026-02-15,Field App,Electrical update: cables terminated of ct-301 finished at UT-A.,Normal,FINISH,100
RPT-0669,2026-02-16,DPR,ct-301 cable termination done @ Utility Area,Abbreviation,FINISH,100
RPT-0670,2026-02-15,Field App,utility area ct 301 terminate cables work finished,Noisy,FINISH,100
RPT-0671,2026-02-15,Field App,CT301 work finished.,Incomplete,FINISH,100
RPT-0672,2026-02-15,DPR,Electrical work update: finished.,Ambiguous,FINISH,100
RPT-0673,2026-02-14,DPR,PT 301 installation 50% complete in UT-A.,Normal,PROGRESS,50
RPT-0674,2026-02-13,Voice Transcript,Instrumentation update: mounted of PT 301 25% complete at Utilities.,Normal,PROGRESS,25
RPT-0675,2026-02-13,DPR,PT301 erection completed.,Abbreviation,FINISH,100
RPT-0676,2026-02-13,Supervisor Text,ut-a pt301 install work 25% complete,Noisy,PROGRESS,25
RPT-0677,2026-02-13,Field App,PT-301 work finished.,Incomplete,FINISH,100
RPT-0678,2026-02-13,DPR,Instrument work update: finished.,Ambiguous,FINISH,100
RPT-0679,2026-02-16,Supervisor Text,PT-301 calibrate completed in UT-A.,Normal,FINISH,100
RPT-0680,2026-02-17,DPR,PT-301 calibration finished in Utility Area.,Normal,FINISH,100
RPT-0681,2026-02-16,Supervisor Text,pt-301 calibration finished.,Abbreviation,FINISH,100
RPT-0682,2026-02-16,DPR,utility area pt-301 calibrate work finished,Noisy,FINISH,100
RPT-0683,2026-02-16,DPR,PT 301 work done.,Incomplete,FINISH,100
RPT-0684,2026-02-17,DPR,Instrument work update: completed.,Ambiguous,FINISH,100
RPT-0685,2026-02-19,Supervisor Text,Signal Check work for PT-301 50% complete at Utilities.,Normal,PROGRESS,50
RPT-0686,2026-02-19,Voice Transcript,Instrumentation update: loop testing of PT301 begun at Utility Area.,Normal,START,0
RPT-0687,2026-02-20,Field App,UT-A: PT301 signal check finished,Abbreviation,FINISH,100
RPT-0688,2026-02-19,Supervisor Text,pt301 loop testing finished at utilities,Noisy,FINISH,100
RPT-0689,2026-02-19,Supervisor Text,PT301 work 60% complete.,Incomplete,PROGRESS,60
RPT-0690,2026-02-19,Supervisor Text,Instrument work update: completed.,Ambiguous,FINISH,100
RPT-0691,2026-02-14,Field App,Instrumentation update: erection of lt-301 begun at UT-A.,Normal,START,0
RPT-0692,2026-02-14,Field App,Instrumentation update: install of LT301 10% complete at Utility Area.,Normal,PROGRESS,10
RPT-0693,2026-02-14,Field App,LT-301 install 25% complete.,Abbreviation,PROGRESS,25
RPT-0694,2026-02-14,Voice Transcript,utilities lt-301 erction work completd,Noisy,FINISH,100
RPT-0695,2026-02-14,Voice Transcript,LT301 install done.,Incomplete,FINISH,100
RPT-0696,2026-02-14,Supervisor Text,Install completed.,Ambiguous,FINISH,100
RPT-0697,2026-02-17,Supervisor Text,Instrumentation update: calibration of LT301 started at UT-A.,Normal,START,0
RPT-0698,2026-02-16,Field App,LT-301 calibrate done in Utilities.,Normal,FINISH,100
RPT-0699,2026-02-16,Field App,Utilities: lt-301 calibrate finished,Abbreviation,FINISH,100
RPT-0700,2026-02-17,Supervisor Text,lt-301 calibrtn done at ut-a,Noisy,FINISH,100
RPT-0701,2026-02-16,Field App,LT301 calibration 10% complete.,Incomplete,PROGRESS,10
RPT-0702,2026-02-17,DPR,Calibration completed.,Ambiguous,PROGRESS,75
RPT-0703,2026-02-19,DPR,LT301 loop check done in UT-A.,Normal,FINISH,100
RPT-0704,2026-02-20,Field App,Instrumentation update: signal check of lt-301 completed at Utilities.,Normal,FINISH,100
RPT-0705,2026-02-19,Field App,lt-301 loop check done.,Abbreviation,FINISH,100
RPT-0706,2026-02-20,Voice Transcript,utilities lt301 loop check work begun,Noisy,START,0
RPT-0707,2026-02-20,DPR,LT301 loop check completed.,Incomplete,FINISH,100
RPT-0708,2026-02-19,Field App,Loop Check completed.,Ambiguous,FINISH,100
RPT-0709,2026-03-01,Supervisor Text,Valve V-999 installation completed in Area X.,Unmatched,FINISH,100
RPT-0710,2026-03-01,Supervisor Text,Compressor C-777 alignment finished at North Block.,Unmatched,FINISH,100
RPT-0711,2026-03-01,Field App,Unknown pump P-888 started.,Unmatched,START,0
RPT-0712,2026-03-01,Field App,CT-999 cable pulling 60% complete in Zone Z.,Unmatched,PROGRESS,60
RPT-0713,2026-03-01,Field App,Instrument PT-999 calibrated and ready.,Unmatched,FINISH,100
RPT-0714,2026-03-02,DPR,Valve V-999 installation completed in Area X.,Unmatched,FINISH,100
RPT-0715,2026-03-02,Supervisor Text,Compressor C-777 alignment finished at North Block.,Unmatched,FINISH,100
RPT-0716,2026-03-02,Field App,Unknown pump P-888 started.,Unmatched,START,0
RPT-0717,2026-03-02,Voice Transcript,CT-999 cable pulling 60% complete in Zone Z.,Unmatched,PROGRESS,60
RPT-0718,2026-03-02,DPR,Instrument PT-999 calibrated and ready.,Unmatched,FINISH,100
RPT-0719,2026-03-02,DPR,Heat exchanger HX-501 erection completed at Process Area D.,Unmatched,FINISH,100
RPT-0720,2026-03-02,Supervisor Text,Tank T-404 foundation concreting completed in Tank Farm.,Unmatched,FINISH,100
RPT-0721,2026-03-02,Field App,Motor M-777 installation started in Electrical Room E.,Unmatched,START,0
RPT-0722,2026-03-02,Voice Transcript,Pipeline PL-900 welding is 75% complete near South Rack.,Unmatched,PROGRESS,75
RPT-0723,2026-03-02,DPR,V-404 valve hydrotest completed at Utility Block B.,Unmatched,FINISH,100
RPT-0724,2026-03-02,Supervisor Text,CT999 cabl pullng done zone z.,Unmatched,FINISH,100
RPT-0725,2026-03-02,Field App,pump P888 aligment completd north block,Unmatched,FINISH,100
RPT-0726,2026-03-02,DPR,New compressor base excavation started at Compressor Yard.,Unmatched,START,0
RPT-0727,2026-03-02,Voice Transcript,Flow meter FT-999 loop check completed.,Unmatched,FINISH,100
RPT-0728,2026-03-02,Field App,SP-999 spool fit-up work started at Pipe Rack D.,Unmatched,START,0
RPT-0729,2026-03-02,Supervisor Text,SP-777 erection 40% complete in Pump Area D.,Unmatched,PROGRESS,40
RPT-0730,2026-03-02,DPR,Cable tray CT-888 installation finished in Control Building.,Unmatched,FINISH,100
RPT-0731,2026-03-02,Field App,Foundation F-909 curing completed in Expansion Area.,Unmatched,FINISH,100
RPT-0732,2026-03-02,Voice Transcript,Pressure transmitter PT-777 calibration 50% complete.,Unmatched,PROGRESS,50
RPT-0733,2026-03-02,DPR,Emergency diesel generator DG-01 installation completed.,Unmatched,FINISH,100
RPT-0734,2026-03-02,Supervisor Text,New utility pump installation finished in PA-C.,Unmatched,FINISH,100
RPT-0735,2026-03-02,Field App,instrument work done at new process block,Unmatched,FINISH,100
RPT-0736,2026-03-02,DPR,Pipe support PS-999 inspection completed.,Unmatched,FINISH,100
RPT-0737,2026-03-02,Voice Transcript,Cable termination for MCC-99 completed.,Unmatched,FINISH,100
RPT-0738,2026-03-02,Supervisor Text,Unknown field device installed and tested.,Unmatched,FINISH,100
